0,1,2,3,4,5,6,7,8,9,10,11,12,13,14,15
-0.7430227,0.74387264,0.6462964,-0.5934022,0.68566084,0.65571415,0.7268071,-0.8294361,0.65144736,0.7132599,0.58224374,-0.8203013,-0.68628836,-0.75889623,0.56653106,0.7688974
-0.717869,0.7150027,0.62085724,-0.56872225,0.6480558,0.63180995,0.693707,-0.79294837,0.63621324,0.688782,0.568544,-0.8001017,-0.6602837,-0.7301184,0.5495852,0.7515247
-0.7621494,0.7699726,0.6640614,-0.6031805,0.70618594,0.6775168,0.7453035,-0.85149413,0.67153937,0.73373353,0.5973076,-0.832413,-0.70286846,-0.77872455,0.5830433,0.79111445
-0.7338262,0.7344062,0.6284281,-0.57831895,0.6737207,0.6521483,0.721979,-0.81050944,0.652193,0.7031329,0.579813,-0.8167554,-0.66642475,-0.7515738,0.5629101,0.76546025
-0.7378306,0.7411111,0.64253616,-0.5844914,0.6851033,0.65304834,0.7247828,-0.8175957,0.6500505,0.70697784,0.5773774,-0.8192277,-0.6782907,-0.7569978,0.56192845,0.7667638
-0.7540753,0.758205,0.6495458,-0.59263015,0.69802284,0.67690855,0.7412189,-0.8416743,0.6681636,0.72408867,0.59264284,-0.8312173,-0.6900768,-0.77209413,0.57801104,0.78260505
-0.7167414,0.7248354,0.61465514,-0.5670224,0.6617188,0.6494847,0.70790213,-0.7995848,0.6305246,0.6935364,0.5609578,-0.7977736,-0.65420485,-0.7391711,0.55060476,0.76315784
-0.75978786,0.7610678,0.6574879,-0.59940016,0.70257366,0.6740957,0.7448782,-0.84542376,0.66816443,0.7306934,0.5956786,-0.8307588,-0.69572306,-0.7770499,0.5816367,0.7867819
-0.5764173,0.51774675,0.47740567,-0.4214615,0.5456799,0.507763,0.5760498,-0.6549776,0.53057384,0.54895926,0.46042836,-0.6743487,-0.5103334,-0.5347445,0.37923917,0.60749173
-0.75275373,0.7620921,0.6522536,-0.59257996,0.69818544,0.668885,0.740093,-0.836991,0.66713685,0.72141606,0.5921956,-0.829888,-0.69061744,-0.77006173,0.5740261,0.78471744
-0.7190562,0.7227833,0.6260935,-0.5763782,0.6601738,0.63627535,0.70461,-0.7984307,0.6376544,0.68950653,0.5718546,-0.80856633,-0.6619842,-0.73747087,0.55046475,0.75558794
-0.7671923,0.76689154,0.66599536,-0.6057837,0.7089664,0.6835846,0.75249815,-0.85441417,0.6749709,0.735889,0.59944516,-0.8349482,-0.7070185,-0.78377604,0.58883727,0.7967235
-0.7294323,0.72925115,0.61629725,-0.5562266,0.6649693,0.6499561,0.7127906,-0.8096829,0.6341478,0.6984514,0.57954866,-0.79446685,-0.6649593,-0.7488154,0.55323106,0.75359476
-0.58003616,0.53311235,0.5146539,-0.46423912,0.46472144,0.44543737,0.4746027,-0.670941,0.4455346,0.57804984,0.49025667,-0.6569572,-0.56023705,-0.5980141,0.4112506,0.5781313
-0.7644368,0.7649308,0.6600603,-0.6036885,0.70942926,0.6814356,0.751861,-0.85241055,0.66989684,0.7330216,0.5971456,-0.8326183,-0.6977366,-0.7861105,0.5848393,0.79525113
-0.577802,0.5311603,0.5128188,-0.46259332,0.46361086,0.4433834,0.473139,-0.66809106,0.44402865,0.5751043,0.4873687,-0.6546829,-0.55752397,-0.5959275,0.4087916,0.57528627
-0.75790644,0.76324326,0.65539193,-0.5945964,0.70209324,0.67754287,0.74401724,-0.8435168,0.66605234,0.7293404,0.596237,-0.8275645,-0.69492185,-0.77561736,0.5797534,0.7874199
-0.7583734,0.7682653,0.6636462,-0.60748994,0.7093471,0.67748046,0.7501565,-0.8492684,0.66784424,0.72935474,0.59238255,-0.83813524,-0.7005147,-0.7795824,0.58202463,0.7895216
-0.7584516,0.7614156,0.6534111,-0.59819114,0.6986433,0.67393005,0.7418531,-0.84840995,0.6674672,0.72822344,0.5937815,-0.8308505,-0.69839025,-0.7745327,0.58031166,0.78990185
-0.71806705,0.7183956,0.62116086,-0.57634103,0.6621074,0.63666284,0.70774263,-0.7992764,0.6375892,0.6861264,0.56591177,-0.81318474,-0.6598382,-0.7374674,0.5497022,0.7486359
-0.76503557,0.769768,0.6627,-0.6052312,0.70802736,0.68250656,0.7498926,-0.85732025,0.6748108,0.73658013,0.6020714,-0.8380839,-0.70469224,-0.7827052,0.5868378,0.79872
-0.7497648,0.7523742,0.6452974,-0.58887154,0.6972649,0.67077893,0.7396318,-0.83556664,0.65473545,0.7197974,0.58564925,-0.8196739,-0.6844443,-0.77283084,0.5726948,0.7808374
-0.7406783,0.73621446,0.63791996,-0.58538365,0.6834544,0.65621686,0.7277844,-0.8215881,0.6509155,0.7101557,0.578261,-0.8172877,-0.67775035,-0.7578292,0.5670923,0.76819885
-0.738031,0.7324648,0.6346613,-0.5812018,0.6744498,0.65322495,0.7201593,-0.8144393,0.6497611,0.7065915,0.58077234,-0.81233484,-0.6706878,-0.75219417,0.5628983,0.7618427
-0.7564115,0.758457,0.6492341,-0.5980639,0.6992743,0.6737816,0.7407117,-0.84553534,0.66415817,0.7278472,0.58640546,-0.8307696,-0.6941397,-0.77226055,0.57885504,0.78740525
-0.7567356,0.7506757,0.6491374,-0.5927684,0.6942612,0.6692608,0.7388196,-0.8389432,0.6621634,0.7254065,0.59527016,-0.8221842,-0.6886735,-0.77485144,0.57764417,0.7847048
-0.753377,0.7591024,0.6496799,-0.59727,0.7015878,0.6721522,0.74421906,-0.84179544,0.66131514,0.7217896,0.5861602,-0.8302448,-0.69051564,-0.7724619,0.5740336,0.7834072
-0.75770754,0.7638265,0.65504766,-0.60379934,0.69961405,0.6772026,0.7425827,-0.8510377,0.6702821,0.72953176,0.5944841,-0.83634746,-0.69714177,-0.7769189,0.5821479,0.79545844
-0.76430076,0.76771057,0.6640537,-0.60534036,0.7067375,0.68180996,0.7499343,-0.853607,0.6734636,0.7346978,0.60065824,-0.83645284,-0.70364314,-0.7809191,0.5871439,0.79205036
-0.73805296,0.7609139,0.64732456,-0.59927535,0.6937504,0.67178166,0.73637164,-0.84024554,0.65318775,0.7128283,0.5803214,-0.8280933,-0.6918756,-0.76745653,0.5748497,0.7784722
-0.7567535,0.76381135,0.65908206,-0.5962558,0.70264935,0.6754611,0.7449974,-0.84587365,0.66636604,0.7264633,0.5898075,-0.8293008,-0.7037878,-0.77387273,0.5799965,0.7859968
-0.76034415,0.76581573,0.6590059,-0.6007089,0.700992,0.68241036,0.7448733,-0.8494759,0.6701825,0.7324126,0.59786314,-0.83146125,-0.6984906,-0.7775693,0.58592767,0.78662384
-0.7487269,0.75281507,0.6365986,-0.5894196,0.6917961,0.66973525,0.7312035,-0.8413433,0.652529,0.7260951,0.5792346,-0.818995,-0.6858196,-0.76735413,0.57358813,0.78310406
-0.7628172,0.76716536,0.6626073,-0.60609114,0.7098323,0.6770109,0.7515868,-0.8507175,0.6740701,0.73121595,0.59729314,-0.8367996,-0.6989788,-0.78332675,0.583383,0.794646
-0.75700945,0.7647274,0.65768206,-0.6038952,0.70394874,0.676811,0.7473159,-0.84714466,0.67071426,0.72709465,0.5943752,-0.837927,-0.6981455,-0.7761159,0.58229476,0.79178727
-0.7527,0.760043,0.6534345,-0.5958824,0.6982204,0.67064536,0.73902255,-0.8423236,0.66178364,0.72513133,0.5893431,-0.8284348,-0.6955638,-0.7693533,0.5765938,0.7806697
-0.57508045,0.5290534,0.50855416,-0.46007726,0.46085617,0.4415177,0.46852463,-0.66519207,0.44073403,0.5733727,0.48479265,-0.6487292,-0.5538181,-0.59166443,0.40796447,0.57023835
-0.57881534,0.5314749,0.51337105,-0.462852,0.46373147,0.44389004,0.47389662,-0.66923666,0.44397938,0.5763966,0.48833537,-0.65503687,-0.55859995,-0.5971422,0.4098428,0.5760095
-0.56764394,0.51869947,0.4495885,-0.38259143,0.52405953,0.4780101,0.53197753,-0.6326847,0.5419663,0.5353111,0.42635223,-0.62791234,-0.4942532,-0.520012,0.38588145,0.5732314
-0.7405552,0.7431291,0.6442827,-0.5947812,0.6887282,0.6632686,0.7291827,-0.83158207,0.6471442,0.7134669,0.577158,-0.8185692,-0.680017,-0.7638041,0.5679419,0.7646948
-0.7440353,0.74160326,0.6413621,-0.5825207,0.6826743,0.65849847,0.7251917,-0.82260257,0.65272284,0.71274805,0.5824509,-0.81315327,-0.67717373,-0.75995195,0.56573844,0.76777756
-0.7513673,0.7524151,0.65447956,-0.59959555,0.69244933,0.66332465,0.73509175,-0.83885497,0.6591597,0.7192948,0.5863808,-0.824973,-0.6951306,-0.76916623,0.5745448,0.78298485
-0.7439522,0.7500757,0.6411886,-0.5849229,0.6879206,0.66095275,0.7324102,-0.8251682,0.65779984,0.7119613,0.5827289,-0.8216321,-0.6799683,-0.7638942,0.5683169,0.7778249
-0.75221616,0.7605864,0.65293443,-0.58965755,0.693342,0.6685907,0.73556435,-0.8335906,0.663639,0.7230606,0.5936954,-0.82282966,-0.68914473,-0.7663622,0.5742855,0.7755928
-0.7577958,0.7545589,0.65586877,-0.59648144,0.70134914,0.6711043,0.74602187,-0.83952886,0.6646371,0.7220628,0.59029007,-0.82573444,-0.69152206,-0.77762496,0.5770434,0.78210044
-0.7015348,0.6909214,0.60504633,-0.55252534,0.62918174,0.61515224,0.67581034,-0.7720203,0.6164387,0.6700343,0.55798656,-0.78009856,-0.64400685,-0.7108541,0.534811,0.722718
-0.7144144,0.7042966,0.61328983,-0.5691538,0.65080667,0.6330406,0.69931424,-0.7850546,0.63069326,0.6851177,0.5598426,-0.8014105,-0.6496294,-0.7259767,0.5483349,0.7370918
-0.7664208,0.7707562,0.66717464,-0.6071758,0.71008766,0.6808984,0.7505263,-0.8578935,0.6754387,0.7361082,0.60344887,-0.83715975,-0.7045473,-0.78694534,0.58602273,0.7971808
-0.7397673,0.7532333,0.639701,-0.5871208,0.6902665,0.6702228,0.7327911,-0.8305139,0.65508825,0.7128029,0.57778704,-0.82462776,-0.6839639,-0.76112926,0.5707021,0.77589643
-0.75535524,0.75967383,0.6550805,-0.5999876,0.6998273,0.67211235,0.74233913,-0.8455954,0.66365886,0.7243075,0.59100515,-0.8309579,-0.6966897,-0.77331376,0.5781447,0.78534293
-0.7226276,0.72301984,0.62319875,-0.5606158,0.65424174,0.64340687,0.6998713,-0.8024999,0.63415176,0.69335663,0.5770932,-0.7916925,-0.66642636,-0.73890805,0.55158144,0.7517706
-0.722922,0.72739965,0.630291,-0.5795406,0.659871,0.64230597,0.7045492,-0.80960774,0.63674235,0.69358146,0.5719438,-0.80509704,-0.6737679,-0.73998225,0.5561367,0.75382686
-0.70536107,0.6986618,0.6069826,-0.5616969,0.6375115,0.623675,0.6867928,-0.77701694,0.62404925,0.67536855,0.5554226,-0.79333556,-0.6471518,-0.7181287,0.5432746,0.73629403
-0.72978026,0.72993994,0.6398834,-0.5726401,0.6741321,0.6421539,0.7135638,-0.803962,0.63719994,0.6944865,0.5648719,-0.80301356,-0.6742051,-0.7449339,0.5509985,0.7543833
-0.74537,0.74649405,0.6465443,-0.5938784,0.68459225,0.66184247,0.72728956,-0.8282045,0.65637773,0.7178297,0.5841711,-0.81984556,-0.6808738,-0.7610681,0.57118344,0.7657323
-0.74985224,0.7474617,0.6435133,-0.5937182,0.69367373,0.67108375,0.7359087,-0.8412751,0.6546252,0.721226,0.583271,-0.82250655,-0.68782234,-0.77066207,0.57387936,0.78022194
-0.73964375,0.74788415,0.64006543,-0.5852986,0.6852902,0.66723025,0.7276492,-0.82925063,0.6485614,0.7124177,0.5729359,-0.8116976,-0.6835718,-0.7558534,0.5689363,0.76366687
-0.7606451,0.7598436,0.657009,-0.5993742,0.70382,0.6756985,0.7473705,-0.84595406,0.66645974,0.7274173,0.5947274,-0.8315184,-0.6944897,-0.7777262,0.57893705,0.78689396
-0.7626383,0.767666,0.65470886,-0.5985656,0.70372343,0.68030274,0.744496,-0.8540219,0.6687239,0.7371973,0.59495604,-0.83183,-0.70174754,-0.7802626,0.5852242,0.79751146
-0.7093216,0.70100325,0.6038629,-0.56147707,0.6459501,0.62727654,0.6926513,-0.7823283,0.6234603,0.67952216,0.5530087,-0.79621845,-0.64686376,-0.7196715,0.5416562,0.73401845
-0.7497211,0.743189,0.6421927,-0.5857543,0.6864742,0.66457534,0.731055,-0.829001,0.657015,0.7195454,0.5902438,-0.817257,-0.6805904,-0.76631844,0.57277256,0.77432835
-0.75434303,0.751619,0.6520004,-0.5941087,0.69378716,0.67524487,0.73702526,-0.8362976,0.66164446,0.7263042,0.5883937,-0.81963813,-0.6877177,-0.7693101,0.5792936,0.77283
-0.74941725,0.7440062,0.6498688,-0.5937416,0.69022685,0.66319996,0.7342487,-0.82843965,0.65692395,0.7170731,0.5858111,-0.82139397,-0.6855396,-0.76704276,0.5734295,0.77623796
-0.7034823,0.7079139,0.5996172,-0.55447185,0.6493678,0.63213116,0.6916046,-0.7858227,0.61333793,0.6783805,0.54648083,-0.785428,-0.6462308,-0.72124946,0.5385711,0.73302275
-0.5768226,0.5304767,0.51126784,-0.46098584,0.46226943,0.4414845,0.4719392,-0.6658078,0.443403,0.5733763,0.48605788,-0.65279764,-0.5554984,-0.59530056,0.40699872,0.5738399
-0.7457194,0.75929135,0.64957464,-0.59378815,0.69945145,0.6602493,0.73629117,-0.8382173,0.6554051,0.71934044,0.58359015,-0.827636,-0.69052386,-0.77115846,0.5681891,0.78202486
-0.74555594,0.7509798,0.6456531,-0.58597463,0.6890084,0.67297083,0.73272586,-0.828836,0.6550239,0.7178662,0.5905075,-0.81333065,-0.6797856,-0.7652707,0.5733299,0.7666563
-0.7598253,0.7666923,0.65887845,-0.6008625,0.7036324,0.6784342,0.74630296,-0.8477846,0.66810066,0.7320858,0.5955417,-0.83167696,-0.69897974,-0.7762023,0.58306855,0.7848512
-0.75301266,0.7653285,0.65625674,-0.60412127,0.702851,0.67668444,0.74350977,-0.85015666,0.66440487,0.7259352,0.5917699,-0.8350867,-0.6962541,-0.77465093,0.57803434,0.78687
-0.748441,0.7511915,0.6485951,-0.5866798,0.6920023,0.6617677,0.73536056,-0.8301813,0.65739053,0.71142983,0.5886593,-0.8165221,-0.6818609,-0.7718407,0.5659589,0.77982104
-0.7632526,0.76784045,0.6630944,-0.60512924,0.7057361,0.6802217,0.74724424,-0.8540633,0.67054474,0.7336048,0.59814805,-0.8354397,-0.70298576,-0.7797321,0.5834633,0.7918538
-0.7665178,0.77056795,0.6646434,-0.6065085,0.7092117,0.6843149,0.75260806,-0.8578444,0.67489004,0.73771584,0.60184836,-0.8386273,-0.70599747,-0.7840723,0.5884387,0.7962651
-0.7583092,0.762533,0.65183294,-0.5923978,0.702513,0.67503095,0.7455114,-0.8439401,0.6643284,0.7286473,0.5949017,-0.8277235,-0.6934006,-0.7764354,0.57787645,0.7870445
-0.72092414,0.71246535,0.6191445,-0.5569917,0.6685624,0.6505834,0.7105014,-0.7931222,0.64147365,0.6979562,0.5604409,-0.79594123,-0.65390855,-0.72567534,0.5506893,0.73550546
-0.74884945,0.7545033,0.648929,-0.5871171,0.69821846,0.66631377,0.74062073,-0.8301721,0.65835124,0.7194493,0.5871897,-0.82354724,-0.6886085,-0.7671355,0.5722476,0.7782445
-0.7561157,0.7672747,0.65301526,-0.5927915,0.7064885,0.67001367,0.7461556,-0.8450835,0.6621021,0.72683334,0.59197766,-0.82738817,-0.6970513,-0.7772416,0.5736799,0.7899562
-0.7515256,0.763648,0.65032125,-0.5873463,0.70319635,0.6744985,0.74535894,-0.832705,0.6608611,0.7227316,0.5891785,-0.8264335,-0.6897596,-0.7691475,0.5743177,0.7794703
-0.7533137,0.7537294,0.6523546,-0.5991608,0.6943102,0.6688415,0.7374973,-0.84022003,0.664164,0.7241005,0.5921227,-0.8286145,-0.6900271,-0.7696388,0.5774499,0.779323
-0.7461245,0.7558557,0.6518364,-0.5950857,0.6932928,0.66733193,0.73629785,-0.8348427,0.65672016,0.7188331,0.58825225,-0.8236338,-0.6905501,-0.76771176,0.573786,0.7776165
-0.7594303,0.75847626,0.65148175,-0.593382,0.6979331,0.67858714,0.74220276,-0.84691375,0.66532236,0.73088944,0.5981169,-0.8245609,-0.6938422,-0.77658844,0.58172774,0.7868744
-0.7311063,0.7120491,0.62296367,-0.56497777,0.6631775,0.6397776,0.7110754,-0.79701275,0.6411245,0.6964395,0.5744244,-0.80385923,-0.66109276,-0.7415591,0.55422443,0.75058675
-0.75661874,0.7530725,0.65191877,-0.600093,0.6974381,0.67190474,0.74046886,-0.8456615,0.6611136,0.7272113,0.59332854,-0.82599485,-0.6903671,-0.7769079,0.5784996,0.7833128
-0.75404114,0.7563817,0.65275884,-0.5951294,0.70050764,0.6694729,0.7421795,-0.8408767,0.6612415,0.72123325,0.58689845,-0.8274993,-0.6915482,-0.7738774,0.57392925,0.7798866
-0.572893,0.5335732,0.5101432,-0.4637917,0.46266037,0.44153082,0.4680047,-0.66536236,0.44174832,0.5717938,0.4864694,-0.6523823,-0.55927765,-0.59374964,0.41253632,0.5729821
-0.74890447,0.7449927,0.6469057,-0.59264636,0.68428147,0.66314596,0.72897017,-0.83602554,0.6568297,0.71814215,0.5895015,-0.81943184,-0.6886015,-0.7670002,0.5735568,0.7785753
-0.7432349,0.7360452,0.6424191,-0.5850488,0.68370855,0.657999,0.72539175,-0.82567126,0.6480559,0.7114073,0.58005553,-0.811813,-0.6809566,-0.76035035,0.56474006,0.76694715
-0.75826126,0.76630163,0.65810317,-0.59875536,0.70309055,0.6780773,0.7449007,-0.8457524,0.6706493,0.7290622,0.59618187,-0.83269006,-0.69780856,-0.7738782,0.5808128,0.78818357
-0.7474028,0.7524721,0.6482957,-0.5924462,0.689183,0.6689264,0.73241234,-0.8393206,0.65473735,0.71935487,0.5892434,-0.8181708,-0.6917913,-0.7685871,0.5744051,0.7772672
-0.74921566,0.74951875,0.64573145,-0.5868704,0.69316655,0.66289127,0.7362567,-0.8283804,0.6589871,0.7177093,0.5870489,-0.823382,-0.683431,-0.7667432,0.57041705,0.77772105
-0.74767077,0.7563067,0.6455343,-0.59179914,0.69070804,0.66951895,0.7337589,-0.83771807,0.6647398,0.7217628,0.59063363,-0.8300535,-0.6891411,-0.76830363,0.5765474,0.7864777
-0.7619077,0.76732516,0.66711795,-0.6068234,0.7087823,0.677335,0.7487103,-0.8491821,0.67319673,0.7308574,0.5954291,-0.83691514,-0.7033098,-0.7792047,0.58357745,0.7939447
-0.7595164,0.7617089,0.6592752,-0.60187525,0.70755386,0.676461,0.7498511,-0.8486281,0.66398036,0.72720575,0.5947777,-0.83113796,-0.6978508,-0.78027225,0.57942986,0.78588474
-0.7499717,0.7595957,0.6531334,-0.5889414,0.69873965,0.6656747,0.74005497,-0.83645797,0.6589169,0.71892935,0.5903423,-0.8245599,-0.69134873,-0.7719399,0.5702152,0.7808126
-0.76619023,0.7669912,0.6648866,-0.6086385,0.7108208,0.68040764,0.75230014,-0.856973,0.6724283,0.73501647,0.5993127,-0.8372052,-0.70312023,-0.7857549,0.58573574,0.7936344
-0.7590983,0.7600907,0.65484357,-0.59890485,0.70229286,0.6759296,0.74523246,-0.84949607,0.6638429,0.7284649,0.5961841,-0.82734215,-0.69590104,-0.7794856,0.5793198,0.7880806
-0.5809983,0.5346517,0.515465,-0.4648612,0.4660567,0.44524747,0.4751243,-0.6712012,0.44678575,0.57856137,0.49008447,-0.65681934,-0.5606731,-0.59904104,0.41173738,0.57826555
-0.74739397,0.7479688,0.6451783,-0.59146523,0.68506587,0.6681029,0.7318032,-0.83393514,0.65987766,0.719488,0.5884211,-0.82197696,-0.6886258,-0.7649628,0.5776033,0.78234684
-0.7490861,0.7494665,0.64708906,-0.59486794,0.69233775,0.6649735,0.73495066,-0.8363748,0.65899885,0.71880955,0.58210015,-0.82610935,-0.69074047,-0.76611376,0.5729955,0.7799376
-0.7456844,0.7572738,0.6479462,-0.5975205,0.696157,0.6692687,0.73429835,-0.83915395,0.65494055,0.7205559,0.5802284,-0.8264035,-0.69035935,-0.7655674,0.5723921,0.7806878
-0.75038254,0.76135933,0.6496355,-0.59977853,0.6999985,0.6700618,0.74084246,-0.8446951,0.65986705,0.7223232,0.5850279,-0.8317398,-0.6952497,-0.7720212,0.57602406,0.7890084
-0.72930336,0.73100024,0.6348481,-0.58113164,0.6669946,0.6501442,0.712783,-0.81105727,0.6474796,0.7009189,0.5752546,-0.8103566,-0.6743027,-0.74460864,0.5627781,0.7623968
-0.75454646,0.7753082,0.6625786,-0.592968,0.7126764,0.6685857,0.74903107,-0.84297746,0.66706127,0.7224079,0.5935468,-0.8360156,-0.69891095,-0.77586436,0.5696988,0.7842287
-0.76888055,0.76946634,0.6638329,-0.6069414,0.7113817,0.68530583,0.75419796,-0.856999,0.6755943,0.73965883,0.60039645,-0.83919543,-0.7034029,-0.7843684,0.5889924,0.79582036
-0.7164003,0.72888535,0.6145771,-0.5695102,0.6584829,0.6375926,0.6995716,-0.8033765,0.6354543,0.69636726,0.5667344,-0.80830836,-0.659657,-0.73597443,0.5516098,0.758263
-0.5762581,0.5300269,0.50952756,-0.46053165,0.46179783,0.44156945,0.47017562,-0.66548085,0.44316864,0.57346725,0.48653287,-0.6508531,-0.5545945,-0.5925426,0.4073196,0.57208097
-0.75656563,0.76308876,0.66132057,-0.6047933,0.70646775,0.67094225,0.7450533,-0.8480137,0.6668852,0.7276148,0.5940398,-0.8362336,-0.70201826,-0.77645445,0.5783562,0.7902943
-0.73335,0.72680694,0.63107276,-0.5748782,0.6733624,0.6460224,0.7178678,-0.8026206,0.64226365,0.70105016,0.572249,-0.80799043,-0.66417766,-0.74641716,0.5568938,0.7521534
-0.7545983,0.76734555,0.657716,-0.6047183,0.70272386,0.67454654,0.7423419,-0.8497533,0.66720337,0.7277969,0.5906737,-0.83429545,-0.70088017,-0.7759993,0.58043146,0.79318905
-0.7294236,0.73850024,0.64028174,-0.5801071,0.6722106,0.6402813,0.7128856,-0.8135395,0.646122,0.69595456,0.579435,-0.809917,-0.6753794,-0.7512933,0.5524267,0.7626476
-0.747703,0.75750095,0.6540843,-0.60147774,0.6979271,0.66695243,0.7384027,-0.8359547,0.66204715,0.7174334,0.58463913,-0.8323631,-0.68887746,-0.7672148,0.5722963,0.7759509
-0.7121033,0.7065105,0.60683835,-0.56091475,0.6493782,0.62700397,0.69448435,-0.78253376,0.6299072,0.6823689,0.5662172,-0.79984725,-0.64150393,-0.7277,0.54097116,0.74081767
-0.7490862,0.75108266,0.6468643,-0.58948267,0.6929312,0.66906655,0.734264,-0.8354127,0.6548624,0.71907926,0.5849887,-0.8171762,-0.6850752,-0.77009106,0.5715877,0.77808595
-0.74779516,0.75884837,0.6549161,-0.59668875,0.6920841,0.66632426,0.7337065,-0.83470005,0.6616279,0.718601,0.5918532,-0.8257509,-0.69105875,-0.7658962,0.5728948,0.77655196
-0.7543058,0.75831515,0.65317035,-0.59772754,0.69680715,0.67244756,0.7396178,-0.8410648,0.6672458,0.72552514,0.5921887,-0.8326874,-0.69399464,-0.76902425,0.5784701,0.7855753
-0.7514084,0.75553566,0.65463626,-0.5957004,0.6950252,0.66963327,0.7382184,-0.84124553,0.66033864,0.72226,0.5887142,-0.8237699,-0.69769764,-0.77074766,0.5770825,0.7832463
-0.76660484,0.7766917,0.6676576,-0.61278296,0.7164943,0.6865606,0.75731504,-0.8620979,0.67831683,0.73832226,0.6018189,-0.8449883,-0.7075647,-0.7880522,0.58911306,0.80232406
-0.7381068,0.74438655,0.64199656,-0.58621216,0.6793412,0.660662,0.7200998,-0.8244342,0.654894,0.7090454,0.5797448,-0.81571496,-0.6789297,-0.7537503,0.5642119,0.7670679
-0.74072355,0.73668796,0.6332147,-0.5824919,0.67801654,0.6642628,0.7233679,-0.82173693,0.6550992,0.7125414,0.5787135,-0.81736934,-0.6735214,-0.75624335,0.56963146,0.7698659
-0.7655178,0.76968545,0.6637239,-0.6061064,0.7089006,0.68349284,0.75195074,-0.8571225,0.6742779,0.73656654,0.6010568,-0.83901024,-0.70543087,-0.78282,0.5872738,0.7954409
-0.75299567,0.7591037,0.6501242,-0.5964706,0.70251405,0.66944706,0.74278104,-0.84534526,0.66155124,0.7221914,0.587205,-0.8310628,-0.6922281,-0.7752768,0.5729675,0.7885407
-0.7480963,0.75533247,0.65028983,-0.59584486,0.69546926,0.66449237,0.7364964,-0.8366918,0.6575274,0.7196618,0.58790493,-0.8272245,-0.69169897,-0.7682891,0.5725108,0.78493094
-0.73764557,0.74538076,0.6348423,-0.5855876,0.6757407,0.6656322,0.7208724,-0.828642,0.6545408,0.7099717,0.5779999,-0.81849617,-0.68095684,-0.75535333,0.5694898,0.7734364
-0.74156326,0.7541982,0.6463735,-0.5906038,0.69885206,0.66096395,0.734487,-0.8302316,0.6478187,0.71619964,0.5739636,-0.81860936,-0.6858065,-0.767099,0.5658715,0.7788321
-0.7518349,0.76363003,0.6556492,-0.60233617,0.70024204,0.67664754,0.7413246,-0.8465507,0.66544104,0.7240967,0.58825064,-0.8335902,-0.69739294,-0.7720382,0.5790888,0.7874993
-0.74065816,0.7460903,0.64461833,-0.5786892,0.6863512,0.66033477,0.7332088,-0.8186072,0.65448123,0.70585376,0.5898231,-0.8161904,-0.6786289,-0.76279354,0.5641689,0.76868474
-0.75783724,0.7632635,0.6500502,-0.59777665,0.70242524,0.676113,0.74559796,-0.8477451,0.66716665,0.7304404,0.5939036,-0.8339369,-0.69503784,-0.77698636,0.58122164,0.7932162
-0.7901714,0.76019925,0.68462336,-0.62571657,0.7026136,0.69844705,0.7463167,-0.89052415,0.6871111,0.7822151,0.61222064,-0.8452964,-0.7382966,-0.7758765,0.6232089,0.79556656
-0.5743854,0.5267036,0.50370437,-0.45749366,0.4613849,0.44142604,0.46794772,-0.6637199,0.4430349,0.5702294,0.48356354,-0.64671606,-0.55079377,-0.58642244,0.40640765,0.56555545
-0.7479803,0.7512334,0.6458406,-0.58596754,0.68514454,0.6661816,0.73072517,-0.83403796,0.6573527,0.71734583,0.5920707,-0.8179711,-0.68908536,-0.76604366,0.57309115,0.77998006
-0.76457053,0.7628312,0.6632417,-0.60716105,0.70564663,0.6821929,0.7498003,-0.85539216,0.6714594,0.73437,0.5992081,-0.8364078,-0.70435894,-0.7816969,0.5877638,0.792657
-0.7565749,0.76340073,0.6559698,-0.59545875,0.7001612,0.6736334,0.74217784,-0.8452838,0.66522175,0.7284111,0.5971357,-0.82599866,-0.6985618,-0.7724478,0.57872176,0.7810514
-0.7429053,0.7483068,0.6449039,-0.58953846,0.68675816,0.66469437,0.72900903,-0.8286887,0.6588126,0.7153458,0.58360493,-0.82465065,-0.68426335,-0.7618892,0.5706984,0.7783469
-0.75245553,0.76787263,0.65565896,-0.59796524,0.70253575,0.672232,0.7433479,-0.84463173,0.6659534,0.7243031,0.5919925,-0.83407986,-0.6968692,-0.7743217,0.5769017,0.7883644
-0.76329935,0.7666639,0.66053283,-0.6093087,0.7120406,0.6800296,0.7530558,-0.8568751,0.6691817,0.73414856,0.59265864,-0.8403446,-0.7031013,-0.7828146,0.5840899,0.79402363
-0.71542186,0.71713805,0.627684,-0.5786799,0.65208626,0.6294126,0.69524634,-0.79261774,0.6332001,0.68408614,0.5639984,-0.8010336,-0.6614363,-0.7293235,0.5472636,0.74627376
-0.7495877,0.75447804,0.647031,-0.5873147,0.69210887,0.6662858,0.7350144,-0.8345111,0.6621067,0.7158212,0.58748484,-0.820189,-0.68640614,-0.7712127,0.5708376,0.7840965
-0.7572458,0.76231825,0.6591921,-0.6037321,0.70474195,0.6716945,0.74368393,-0.846749,0.66446257,0.72577184,0.58688086,-0.8305545,-0.69754255,-0.77638376,0.577149,0.78700626
-0.55740243,0.49215,0.4342721,-0.37785777,0.5088451,0.47550607,0.5318568,-0.62196046,0.51187074,0.5089232,0.41946137,-0.6220779,-0.4731267,-0.5002121,0.35874054,0.5546657
-0.7571355,0.76717657,0.6613296,-0.605065,0.703036,0.6774716,0.7447939,-0.84850466,0.67145747,0.72739434,0.59989715,-0.83642983,-0.6997653,-0.77515185,0.5814244,0.79128885
-0.7473664,0.74983454,0.64370847,-0.58882904,0.68647,0.6662184,0.7291973,-0.8334375,0.6573884,0.7188331,0.584679,-0.8193557,-0.6878358,-0.76061726,0.57268673,0.7740917
-0.75758594,0.762792,0.6595596,-0.6014868,0.70172155,0.67552763,0.7443739,-0.8482407,0.66494566,0.72702277,0.59460115,-0.83060944,-0.6995578,-0.7771424,0.58014625,0.78728247
-0.74827605,0.75537694,0.64996403,-0.5902145,0.69081825,0.6632912,0.73016804,-0.8383712,0.6537919,0.7220244,0.58449554,-0.81717753,-0.6980512,-0.7649784,0.5726497,0.7800113
-0.75334185,0.7397109,0.6363677,-0.5903847,0.6935179,0.68312246,0.7394655,-0.8352545,0.6574826,0.7227293,0.5862863,-0.81704676,-0.67264557,-0.7700589,0.5764246,0.77173877
-0.7377474,0.7438605,0.6418734,-0.5817044,0.6896175,0.6499084,0.7282866,-0.8187037,0.64747626,0.7026095,0.57291806,-0.8180667,-0.6826525,-0.7584866,0.55687374,0.76760733
-0.7625948,0.76891416,0.6615766,-0.6021619,0.70523643,0.6790935,0.7464589,-0.8523399,0.67126477,0.73318493,0.59734696,-0.83544296,-0.70258474,-0.77806485,0.5830639,0.7915473
-0.75692844,0.7565956,0.6564543,-0.60109043,0.6987395,0.6738289,0.7426684,-0.8454935,0.66678095,0.7258922,0.5949326,-0.8322644,-0.69610834,-0.7753732,0.5803221,0.7851199
-0.765086,0.7674295,0.6611744,-0.6026219,0.71177495,0.67989993,0.7535795,-0.8517298,0.6708885,0.73543346,0.5948273,-0.836618,-0.7018869,-0.78287566,0.5845094,0.79361546
-0.7480874,0.7598286,0.64897764,-0.59156454,0.68821406,0.66561323,0.72881913,-0.84043473,0.65981114,0.7194377,0.5900132,-0.8201511,-0.69293344,-0.7660713,0.5712709,0.78413963
-0.75547665,0.7575648,0.6547122,-0.5971745,0.70015204,0.670567,0.7418214,-0.8431022,0.6607614,0.7231984,0.5896265,-0.8241155,-0.6938318,-0.77606726,0.57569194,0.7844976
-0.70437,0.69614345,0.6063076,-0.5615286,0.6347239,0.6236446,0.6856371,-0.7747607,0.62372166,0.6743572,0.5548561,-0.79257905,-0.6469581,-0.716066,0.54371035,0.73501784
-0.72929895,0.741608,0.6275178,-0.56143975,0.67996085,0.64673734,0.7200484,-0.80897564,0.64433485,0.69814026,0.5859971,-0.80984265,-0.66973364,-0.7500689,0.5497848,0.76392853
-0.7427352,0.757347,0.6426755,-0.5883243,0.69378054,0.6630312,0.7343893,-0.8295013,0.6586541,0.7154162,0.5834952,-0.8271501,-0.68104935,-0.76350915,0.567363,0.773782
-0.7467326,0.732532,0.6493317,-0.58134663,0.68744993,0.6546468,0.73380315,-0.81984526,0.65332764,0.70275366,0.58541423,-0.81161135,-0.6826782,-0.76644003,0.5634857,0.77089405
-0.71725905,0.7201507,0.61746055,-0.5637951,0.6496215,0.63779354,0.6981784,-0.7947833,0.6390713,0.68752015,0.5732992,-0.8013509,-0.6602856,-0.7343167,0.5521334,0.7575674
-0.75013274,0.7512856,0.642972,-0.59077764,0.6924204,0.66624296,0.73433757,-0.8354648,0.6584634,0.7194153,0.5835337,-0.82262135,-0.68299484,-0.7670078,0.57115304,0.7738687
-0.7556181,0.751405,0.65443677,-0.60159427,0.6999198,0.67579347,0.7435664,-0.8456481,0.6603159,0.72475266,0.5892822,-0.8252219,-0.693969,-0.77985775,0.5796947,0.78772795
-0.74529356,0.7420771,0.6417413,-0.5891155,0.6851581,0.6617411,0.72850823,-0.82718974,0.6517399,0.7166991,0.5780343,-0.81700903,-0.68275803,-0.76144755,0.57111484,0.7713765
-0.74689656,0.75976294,0.6506965,-0.5935126,0.6948707,0.67298335,0.7376847,-0.83876544,0.65806955,0.7208876,0.58765,-0.8253223,-0.6922252,-0.76775813,0.57538027,0.7784753
-0.73123336,0.7634276,0.6503227,-0.5930777,0.6991501,0.6604465,0.7355164,-0.8309235,0.6441368,0.69892895,0.58529305,-0.82682735,-0.6787608,-0.7567266,0.5520893,0.7409133
-0.7463946,0.7551731,0.65103626,-0.5915952,0.6955123,0.6647541,0.7365837,-0.82900596,0.6601011,0.71405876,0.58779895,-0.8256334,-0.68320954,-0.7639729,0.5677339,0.7730154
-0.75421125,0.75861424,0.65452206,-0.59940934,0.6968272,0.67445564,0.7418984,-0.8399961,0.6680057,0.72408485,0.5911288,-0.8310237,-0.6937727,-0.7710891,0.5802347,0.78459704
-0.72925764,0.7228228,0.6354236,-0.5819593,0.6602732,0.6436455,0.7078074,-0.8045321,0.6473734,0.69788754,0.58056724,-0.8092437,-0.66759884,-0.7442596,0.5608843,0.7584261
-0.7508642,0.7495496,0.64472765,-0.5866254,0.69022477,0.66495454,0.73346794,-0.830246,0.65761346,0.7212485,0.58671594,-0.8187423,-0.68542695,-0.7650156,0.57268566,0.7759216
-0.7506075,0.7667379,0.6595504,-0.5978601,0.7082616,0.6740963,0.7479266,-0.83722883,0.66324407,0.7156386,0.5818428,-0.82819045,-0.6882786,-0.7763008,0.57272094,0.77785873
-0.66773653,0.6694002,0.5727911,-0.5358983,0.6161923,0.5915171,0.65753233,-0.75921565,0.57153493,0.652959,0.5094714,-0.7512232,-0.6327567,-0.6958345,0.51743144,0.71283287
-0.7506071,0.76089805,0.6447041,-0.5903677,0.69404054,0.67183083,0.73596,-0.8394114,0.6614593,0.7245935,0.58989817,-0.8259108,-0.68866956,-0.76843786,0.57529896,0.7838155
-0.7628919,0.76279706,0.66024965,-0.6058499,0.70738506,0.67767364,0.7490542,-0.8526861,0.66862005,0.73305416,0.5963296,-0.83079547,-0.6978227,-0.78459716,0.5835793,0.7923155
-0.54834884,0.49924123,0.49419484,-0.43281782,0.4493392,0.4215576,0.45261714,-0.6518538,0.42275986,0.54721725,0.46548367,-0.6104649,-0.53933454,-0.5604054,0.39052093,0.53702235
-0.7445238,0.7606495,0.64721715,-0.5847217,0.6952362,0.6657943,0.7363211,-0.833096,0.6572832,0.7158119,0.5924465,-0.8247652,-0.69003165,-0.76535654,0.5683837,0.780933
-0.7511585,0.75560457,0.652673,-0.5922327,0.7041572,0.66723734,0.74352574,-0.83422923,0.6595612,0.7179575,0.5866585,-0.82797444,-0.6874918,-0.7711867,0.568833,0.77977
-0.7491458,0.75045353,0.65022624,-0.59637475,0.69179356,0.6667967,0.7359285,-0.83306515,0.66306746,0.71696764,0.58280814,-0.82792974,-0.69032335,-0.76321244,0.5744768,0.7787558
-0.7536725,0.7527321,0.65383226,-0.5972405,0.6948612,0.6688021,0.73881197,-0.83947754,0.6605233,0.7223078,0.5881073,-0.8248341,-0.694844,-0.7710426,0.5773722,0.7805526
-0.6944477,0.67651844,0.5949956,-0.5521767,0.6219617,0.6119203,0.6730721,-0.76560503,0.6092749,0.66203964,0.5533212,-0.7812105,-0.6315173,-0.7104969,0.53090364,0.71989596
-0.7620482,0.7667631,0.6613402,-0.6004164,0.7030653,0.6795072,0.74603987,-0.84869355,0.6677757,0.7311156,0.5984185,-0.82522094,-0.6969707,-0.7806958,0.5827035,0.78580034
-0.57348824,0.52661866,0.49959034,-0.45814362,0.4573477,0.44207036,0.46657816,-0.6614412,0.44447482,0.5702215,0.4872142,-0.64582235,-0.54851556,-0.5818765,0.4064092,0.5657512
-0.7163709,0.7054567,0.61059463,-0.56632113,0.64399683,0.6289453,0.6887435,-0.795916,0.62135106,0.689134,0.5598718,-0.78811973,-0.6588539,-0.7287097,0.548922,0.7375289
-0.7042625,0.69839257,0.59714204,-0.5563265,0.638227,0.6292798,0.68550235,-0.78424364,0.61830163,0.6790943,0.5556541,-0.7874863,-0.64237595,-0.72143984,0.5415255,0.7375177
-0.7418114,0.7205673,0.63630414,-0.5915731,0.67360973,0.6572754,0.7161715,-0.8236791,0.6434641,0.71459115,0.569222,-0.80886453,-0.67233425,-0.7569392,0.56825846,0.7578244
-0.7389472,0.75537896,0.6413741,-0.581581,0.68739796,0.6664758,0.72884345,-0.8241729,0.65390074,0.7097111,0.5802174,-0.8191105,-0.6801528,-0.7570226,0.56504595,0.7707788
-0.7597137,0.756433,0.6547009,-0.6015441,0.70194876,0.676051,0.74473476,-0.84732395,0.6666429,0.73080087,0.594428,-0.8315231,-0.6932286,-0.77944016,0.5818958,0.78793216
-0.7409244,0.7462816,0.6425196,-0.5857359,0.685205,0.66254216,0.72922707,-0.8230534,0.6525085,0.7114208,0.5800963,-0.8169122,-0.68253124,-0.756485,0.568121,0.76810014
-0.70576626,0.7049591,0.610487,-0.55603,0.6472447,0.62182003,0.69379544,-0.7702203,0.6289394,0.67439276,0.556312,-0.7996502,-0.6450856,-0.7177644,0.5385237,0.73028886
-0.7567863,0.7573179,0.65294313,-0.59598935,0.69549763,0.67669785,0.7365365,-0.84495586,0.66629314,0.72887707,0.59633887,-0.8264891,-0.6910966,-0.7705555,0.57903975,0.7797644
-0.7502349,0.7460859,0.6503897,-0.59367836,0.6920203,0.6652203,0.73669815,-0.8275306,0.6583848,0.71942794,0.5839953,-0.8190657,-0.6830845,-0.76969993,0.5751709,0.7768698
-0.74396956,0.7447252,0.63471925,-0.59143126,0.6873517,0.6691924,0.73132193,-0.8385044,0.6556424,0.7157872,0.584756,-0.82294667,-0.6786157,-0.7677798,0.5707389,0.7814486
-0.7676388,0.7699159,0.66354334,-0.60599244,0.71208465,0.6870262,0.7555845,-0.85861045,0.67509913,0.73903227,0.60417694,-0.83867687,-0.7045245,-0.7862463,0.58927345,0.79689956
-0.73540074,0.7610525,0.64628637,-0.58619356,0.6917782,0.6609437,0.73069865,-0.82298476,0.6540143,0.7062391,0.5803861,-0.8246479,-0.6793901,-0.7537719,0.5599758,0.7576077
-0.7351542,0.74655145,0.6416116,-0.5726272,0.671255,0.6519122,0.7145021,-0.8188714,0.6496829,0.7057689,0.59154093,-0.806215,-0.68006873,-0.75654554,0.5611565,0.7700069
-0.71329606,0.71738154,0.6195296,-0.5614836,0.6536355,0.63838106,0.70138407,-0.78552336,0.622601,0.6836759,0.565351,-0.7893761,-0.65414226,-0.7351129,0.54880327,0.73446274
-0.753689,0.75231004,0.65315485,-0.60110366,0.69541717,0.6707974,0.7401762,-0.8412606,0.6626195,0.72329175,0.59147984,-0.8279124,-0.69274294,-0.7736068,0.5790927,0.7851894
-0.751357,0.7565672,0.6536685,-0.6013801,0.6960105,0.671077,0.7373494,-0.84271395,0.6641346,0.7229359,0.591319,-0.83277845,-0.693256,-0.7678628,0.5770522,0.7816504
-0.7124788,0.7113207,0.61752135,-0.57185864,0.6488806,0.6348513,0.6927152,-0.79628414,0.62317806,0.68547654,0.5578967,-0.7958034,-0.6583749,-0.73130596,0.5475861,0.7428394
-0.76568806,0.7708917,0.6634388,-0.604398,0.70874864,0.68301684,0.7512535,-0.85624856,0.6750799,0.7365085,0.60217935,-0.83757544,-0.7050103,-0.78268695,0.58690184,0.79678595
-0.7261421,0.73802656,0.6376435,-0.5787679,0.6803446,0.6403112,0.71924794,-0.80124736,0.6451374,0.69308233,0.5670118,-0.8205992,-0.67062545,-0.74024355,0.5488918,0.7519003
-0.5836659,0.5361483,0.51756024,-0.46720985,0.4674225,0.44790503,0.47772717,-0.67435217,0.44851077,0.58148545,0.49290454,-0.65925425,-0.5632466,-0.6003852,0.4139945,0.5809556
-0.76836264,0.7733121,0.66470015,-0.6045543,0.7117747,0.6825214,0.75218666,-0.85473776,0.67875123,0.73814684,0.59886014,-0.8392537,-0.70418525,-0.78296244,0.58687127,0.7968818
-0.7531037,0.759918,0.6555858,-0.60066575,0.70037377,0.6711532,0.74314964,-0.8419804,0.66326624,0.723814,0.5932125,-0.8303109,-0.6933396,-0.7744832,0.577792,0.7842146
-0.7561957,0.74607456,0.65597045,-0.59960866,0.6965022,0.67200625,0.74098396,-0.83948094,0.6635597,0.72420335,0.59093606,-0.82831526,-0.69146144,-0.77373016,0.57932717,0.77663887
-0.7448002,0.7479613,0.6468377,-0.590498,0.6915226,0.6628878,0.7347369,-0.8304294,0.6542804,0.7131175,0.58047664,-0.82112604,-0.6846079,-0.765103,0.5680997,0.7736863
-0.74902433,0.759317,0.6554516,-0.593119,0.69546616,0.66869336,0.73690176,-0.8387593,0.66052246,0.72058165,0.5928734,-0.8259768,-0.696661,-0.7660819,0.5738378,0.77563787
-0.7520437,0.7445236,0.64889383,-0.59083366,0.6943443,0.6646068,0.7345792,-0.8321179,0.65971565,0.71861625,0.58517724,-0.822385,-0.6833632,-0.7706108,0.5708393,0.779073
-0.7555674,0.76070213,0.65648806,-0.5991347,0.70063555,0.6726037,0.74345756,-0.8446296,0.66600025,0.7236405,0.5980768,-0.8293835,-0.69261646,-0.77764356,0.57665634,0.7848041
-0.7579479,0.7565405,0.6529054,-0.59991264,0.699576,0.6761631,0.74362254,-0.844436,0.66877115,0.7287736,0.59048533,-0.8340406,-0.6946838,-0.7741785,0.5820874,0.7895075
-0.7668106,0.74816245,0.6549499,-0.60176325,0.69621414,0.6828988,0.7383824,-0.8494393,0.67094517,0.7427975,0.59828335,-0.8298223,-0.6938776,-0.7643151,0.5905354,0.7723584
-0.7483668,0.7546109,0.6474496,-0.5977558,0.69243515,0.6658202,0.73279715,-0.8449421,0.6573513,0.7196113,0.5879985,-0.8262977,-0.6906407,-0.77166355,0.57209253,0.78535914
-0.7443048,0.7444101,0.6408531,-0.5866715,0.6885084,0.66398984,0.73044455,-0.8302172,0.655549,0.7120965,0.57965595,-0.8222207,-0.682343,-0.7624732,0.56669796,0.7734436
-0.57807857,0.5322297,0.51437044,-0.4639353,0.4642111,0.44388998,0.47411126,-0.6692468,0.44418824,0.57637715,0.48884767,-0.65488166,-0.56045246,-0.5970228,0.4105512,0.57696843
-0.75006616,0.76361334,0.6549572,-0.5920644,0.69791734,0.67133474,0.73840225,-0.83708227,0.6603328,0.7233484,0.5962485,-0.82181597,-0.69330454,-0.77120364,0.57534283,0.7849866
-0.7596643,0.7631301,0.6610404,-0.6010426,0.7038305,0.6720126,0.74212754,-0.8467312,0.66556764,0.7296475,0.589591,-0.82745504,-0.6979101,-0.7780448,0.5784433,0.7876892
-0.7373457,0.74202937,0.6372942,-0.5872555,0.6810646,0.6538503,0.72061765,-0.8262294,0.6485985,0.7068863,0.56994927,-0.8183582,-0.6831466,-0.75429034,0.56187046,0.76855576
-0.7072259,0.701629,0.6078833,-0.564746,0.6405357,0.6261172,0.68644476,-0.787311,0.62085193,0.6777576,0.5515119,-0.7868209,-0.6482693,-0.7232251,0.5422053,0.7341025
-0.74864763,0.75006276,0.6423929,-0.58843726,0.6905279,0.6650124,0.7349489,-0.8292047,0.65813315,0.72011364,0.58704066,-0.82181513,-0.68086034,-0.76691556,0.5723243,0.7799927
-0.74964327,0.7596141,0.6535701,-0.59759295,0.6968601,0.66890585,0.7389284,-0.83684677,0.6640734,0.72091883,0.5890573,-0.831478,-0.6914462,-0.7676177,0.57534516,0.7812493
-0.7635985,0.768313,0.6617751,-0.60552,0.7069744,0.6834652,0.7505617,-0.8549531,0.6720582,0.73505497,0.5986416,-0.8366805,-0.70385194,-0.7809247,0.586999,0.79401433
-0.6282603,0.6410123,0.52840215,-0.49716058,0.603743,0.5836195,0.6401197,-0.7345175,0.5342278,0.621078,0.46306908,-0.71599805,-0.606402,-0.6549355,0.49693686,0.66932297
-0.75874317,0.76286256,0.6540022,-0.5951781,0.70382833,0.67362326,0.7444012,-0.84396493,0.66380847,0.73178923,0.5903057,-0.8276988,-0.6979958,-0.77410424,0.57949704,0.7870294
-0.7254059,0.72052425,0.6252496,-0.57234967,0.6540885,0.6439046,0.7007122,-0.8070705,0.63831955,0.69511193,0.5789385,-0.8007489,-0.666427,-0.7390405,0.55551535,0.7514633
-0.742519,0.7650973,0.6450303,-0.5812312,0.69136786,0.6637893,0.731633,-0.831636,0.6620415,0.7123922,0.58950204,-0.82275724,-0.68516386,-0.76525724,0.56549084,0.77823985
-0.76702,0.77043116,0.66863,-0.61277664,0.7099335,0.68485844,0.7514541,-0.8626965,0.67627954,0.7376484,0.59934896,-0.8401829,-0.7115781,-0.78620255,0.5903383,0.8030076
-0.751524,0.738456,0.65085685,-0.597577,0.6892245,0.67235327,0.7389574,-0.823882,0.66306585,0.71993595,0.58533174,-0.8187782,-0.6811335,-0.7658664,0.5812482,0.7697855
-0.57166094,0.52521956,0.5067058,-0.45734143,0.45918494,0.4378158,0.46736512,-0.6601565,0.43804085,0.56874025,0.4825821,-0.64848775,-0.5512643,-0.59021366,0.4036373,0.5686283
-0.7481579,0.74990386,0.649561,-0.5918629,0.6881008,0.66555864,0.7318589,-0.8314987,0.6598647,0.71822035,0.5889143,-0.82210964,-0.6858654,-0.76447463,0.57309014,0.77491224
-0.6975854,0.71845853,0.6171665,-0.5575621,0.65203464,0.6221323,0.6894593,-0.78696024,0.6265784,0.6741172,0.5599931,-0.80721295,-0.65822345,-0.7259464,0.5352451,0.7507349
-0.76086694,0.763931,0.65713036,-0.5984551,0.70298684,0.679578,0.7464808,-0.8482328,0.67223084,0.73215103,0.5996128,-0.8333029,-0.6976768,-0.7761737,0.58413845,0.78976107
-0.75202876,0.7594759,0.64631605,-0.59853935,0.69972324,0.67226636,0.74129444,-0.8466166,0.66055536,0.7256028,0.5869535,-0.83186805,-0.69284654,-0.7749517,0.57735777,0.7897713
-0.76605505,0.7750431,0.66008466,-0.6039311,0.70862246,0.6861554,0.75135636,-0.8588664,0.6760313,0.7406441,0.6021991,-0.83959526,-0.70548606,-0.78276896,0.5892695,0.80040526
-0.7462414,0.7609843,0.65123916,-0.58640206,0.6987337,0.6679277,0.74077684,-0.8299839,0.65994734,0.7166617,0.59088004,-0.8266518,-0.68824136,-0.7698401,0.57047683,0.7833501
-0.7454918,0.74938524,0.64559865,-0.58306205,0.6850424,0.6662825,0.7301465,-0.82475513,0.65589523,0.71563363,0.58415425,-0.8173834,-0.68357193,-0.758304,0.5703,0.7665119
-0.5799762,0.5343089,0.5136404,-0.4637875,0.46488982,0.44391072,0.4733873,-0.6694859,0.4460733,0.5773783,0.4892599,-0.65558827,-0.5592687,-0.59819174,0.4103886,0.57713723
-0.75011593,0.7465226,0.64627814,-0.5848007,0.6926426,0.6680818,0.7376295,-0.8258712,0.65944284,0.7140481,0.587044,-0.81973267,-0.678808,-0.7672839,0.56860363,0.7705562
-0.74449795,0.7356501,0.63789195,-0.5800599,0.6830015,0.65743095,0.72560596,-0.8267009,0.64486617,0.71293175,0.5854078,-0.8072995,-0.6766505,-0.7639322,0.5633545,0.76558304
-0.7558657,0.76410526,0.6585987,-0.60134625,0.70251614,0.6757023,0.74453104,-0.84755,0.66651374,0.72562027,0.59612375,-0.8335962,-0.6975002,-0.77403736,0.57777137,0.78318727
-0.753095,0.7567179,0.64848846,-0.59529626,0.6952952,0.6753555,0.74010575,-0.84235436,0.6642433,0.72511864,0.5928044,-0.82904565,-0.691272,-0.77113867,0.5799981,0.78341985
-0.7560564,0.75033176,0.6429846,-0.5651245,0.694111,0.6645808,0.73754656,-0.8324681,0.6614654,0.7157934,0.6091842,-0.80886596,-0.67988926,-0.7746706,0.56382555,0.78042936
-0.75671613,0.76026154,0.6491298,-0.5873829,0.7005663,0.67661065,0.7441156,-0.8406759,0.6661103,0.72564936,0.5942119,-0.823992,-0.68936384,-0.7760805,0.5773161,0.7875253
-0.72713697,0.7448611,0.63179266,-0.57252514,0.6803093,0.6455683,0.720564,-0.81202275,0.6406054,0.69974506,0.57743514,-0.811763,-0.6696092,-0.7525313,0.55219895,0.76318276
-0.7493699,0.75892955,0.6518189,-0.58682746,0.69998705,0.6671776,0.73941445,-0.83305097,0.6579088,0.7222321,0.5895305,-0.8231879,-0.6924349,-0.7663659,0.571078,0.77801955
-0.73517627,0.7306137,0.63511366,-0.5698327,0.6729275,0.6468499,0.71411026,-0.8116919,0.6398739,0.7049423,0.5679106,-0.8003416,-0.67978966,-0.7506499,0.55867296,0.7644876
-0.74359345,0.7196973,0.65489364,-0.59523547,0.6772094,0.63359916,0.7225289,-0.8222584,0.6321424,0.69068635,0.5595063,-0.7895092,-0.6834749,-0.77495193,0.555409,0.7652755
-0.5810145,0.5346817,0.5151253,-0.46548945,0.46608797,0.44601613,0.47528425,-0.67170787,0.4471448,0.5789304,0.4913574,-0.6574021,-0.5614743,-0.5982003,0.41270158,0.57859194
-0.5714254,0.52606773,0.50742257,-0.45658198,0.45894653,0.4367386,0.4668107,-0.66005576,0.43807477,0.5684632,0.48086566,-0.64804107,-0.5508007,-0.5921111,0.40240955,0.5688188
-0.72628653,0.7127961,0.6272838,-0.5809157,0.6614207,0.63741076,0.7069327,-0.8035951,0.63774467,0.6944996,0.5706715,-0.8062531,-0.66111076,-0.74542826,0.5543798,0.753914
-0.7683257,0.7758123,0.6665508,-0.6107079,0.71100485,0.68919754,0.75285935,-0.8638449,0.6775918,0.74208647,0.60208905,-0.84056914,-0.7101681,-0.7852477,0.59223247,0.80185795
-0.74799937,0.762683,0.63930506,-0.58080786,0.700911,0.6640685,0.7400513,-0.8378069,0.65683377,0.7179053,0.5875385,-0.8245489,-0.68834376,-0.77036357,0.5654561,0.7875297
-0.7581949,0.7652104,0.65841615,-0.6009711,0.70685995,0.67520475,0.74741673,-0.8502995,0.666604,0.72792876,0.5946088,-0.83506805,-0.70072925,-0.7783574,0.57919306,0.78941286
-0.73763156,0.7473246,0.64361393,-0.58885837,0.68281746,0.6575013,0.7249726,-0.82909405,0.65347004,0.70794606,0.58569205,-0.82319015,-0.6862761,-0.75766706,0.5649462,0.7744951
-0.7627292,0.7658229,0.6602388,-0.60486245,0.70392525,0.6807088,0.7471044,-0.8537672,0.6712813,0.73474824,0.59663355,-0.83386505,-0.70348275,-0.7808356,0.5872059,0.7962804
-0.73683685,0.74320996,0.63284445,-0.582729,0.67416847,0.65877116,0.72038275,-0.8245366,0.6540678,0.70974684,0.5829154,-0.8197005,-0.67881966,-0.75616014,0.5681415,0.778968
-0.7445975,0.7423425,0.6559964,-0.5973908,0.6847416,0.6580568,0.72685915,-0.827976,0.6575335,0.71229684,0.58282894,-0.8207091,-0.6890813,-0.7625526,0.5705323,0.77374995
-0.74614084,0.7519882,0.6457058,-0.58530664,0.69223547,0.6615983,0.7328252,-0.82657784,0.6561503,0.7148204,0.5844765,-0.8204341,-0.6817603,-0.7627847,0.56588453,0.77114546
-0.7394797,0.7430011,0.6391201,-0.5830849,0.6890298,0.6608909,0.73170865,-0.82015234,0.6478733,0.70756674,0.5786872,-0.81655926,-0.6756557,-0.758829,0.5632861,0.76181376
-0.70904225,0.7183485,0.62427807,-0.56370413,0.6562382,0.6169537,0.69445395,-0.7920296,0.614919,0.67831874,0.5560826,-0.78470874,-0.66242397,-0.7274004,0.533756,0.7360148
-0.74317986,0.7432646,0.6453771,-0.586715,0.6856775,0.66228503,0.7324434,-0.81952316,0.6561244,0.70905316,0.5834908,-0.81793094,-0.6773977,-0.76197004,0.56843716,0.76878667
-0.7424863,0.7513053,0.6806892,-0.6305069,0.7030437,0.6583094,0.7412063,-0.8385894,0.65809894,0.6946534,0.56670696,-0.83063525,-0.70142907,-0.7687377,0.56615216,0.7682408
-0.765985,0.77194285,0.665041,-0.6064873,0.71040463,0.6851558,0.7535888,-0.8559641,0.67635596,0.7369411,0.60145026,-0.8390968,-0.7058729,-0.7829156,0.58884734,0.7962092
-0.75919753,0.7690609,0.65530217,-0.59926033,0.70807016,0.6787765,0.7500218,-0.8476084,0.667723,0.7299835,0.5946368,-0.8350582,-0.69377637,-0.77865374,0.57982844,0.78616536
-0.76078355,0.7665892,0.6627999,-0.6081808,0.7070066,0.6793896,0.74905944,-0.853005,0.6751638,0.73124176,0.5956154,-0.84093136,-0.7026861,-0.77996683,0.5854052,0.7964053
-0.7539838,0.76266885,0.6589181,-0.59822303,0.70172024,0.6711301,0.74491453,-0.8420658,0.66455686,0.72116244,0.5964687,-0.8287572,-0.6932841,-0.7761059,0.5752263,0.7790414
-0.7259579,0.72166693,0.6261569,-0.57638204,0.66069674,0.643123,0.7050391,-0.8038532,0.63734794,0.6983553,0.5705306,-0.8040322,-0.664505,-0.73892367,0.5564298,0.75112665
-0.7563265,0.75917566,0.6600536,-0.5991318,0.6992613,0.673771,0.7423898,-0.83842254,0.6681089,0.7250829,0.59263575,-0.82947594,-0.69458663,-0.7721741,0.58009744,0.78211486
-0.73504037,0.7403706,0.6273861,-0.5759592,0.6846143,0.65232146,0.72530735,-0.8126851,0.64996827,0.7037283,0.57192326,-0.82064486,-0.66593564,-0.7543098,0.55613995,0.7679877
-0.74738437,0.7478544,0.648702,-0.5976992,0.68592274,0.66422313,0.72850835,-0.83577776,0.6598071,0.7174946,0.5845591,-0.8246908,-0.687387,-0.7638178,0.57306635,0.7776933
-0.76003116,0.7698719,0.66323125,-0.59765697,0.70870864,0.6770218,0.7492808,-0.8447596,0.66988176,0.7300725,0.5935978,-0.8330022,-0.70246255,-0.7761971,0.5809389,0.7857474
-0.7603943,0.7593168,0.6605271,-0.6008712,0.7026311,0.67434496,0.7451658,-0.8484502,0.6699154,0.72600627,0.5966328,-0.8306639,-0.69747686,-0.7805805,0.57965696,0.7903874
-0.6785039,0.6435825,0.5504901,-0.47896892,0.6202125,0.59188807,0.6660284,-0.74249095,0.59800607,0.64330614,0.5293211,-0.73026246,-0.5914591,-0.683794,0.4846207,0.6971106
-0.75306374,0.7655985,0.6568006,-0.5965915,0.7028458,0.6670527,0.7408049,-0.84731215,0.65820444,0.72422004,0.58795387,-0.8256086,-0.70331144,-0.77236354,0.57261103,0.7862809
-0.7609288,0.761368,0.65699035,-0.6017339,0.7059379,0.676474,0.74687684,-0.84622884,0.6677845,0.7323862,0.59135246,-0.83385426,-0.6967573,-0.77707696,0.582059,0.78830564
-0.7589883,0.7551371,0.66070807,-0.6037898,0.7010741,0.6738457,0.7447666,-0.8437923,0.6660682,0.7284906,0.5947202,-0.8300488,-0.6953138,-0.7766055,0.5821727,0.7825422
-0.75596786,0.7559976,0.65155935,-0.5928539,0.6930404,0.67446303,0.73798156,-0.8386591,0.6668553,0.72675705,0.59683657,-0.82553303,-0.6910242,-0.7687336,0.58033717,0.78012097
-0.75677115,0.75759685,0.66528344,-0.6025358,0.7026851,0.67151594,0.74324405,-0.83728516,0.66721237,0.7204478,0.58444643,-0.8280193,-0.6947701,-0.7743108,0.5778588,0.7778491
-0.7632916,0.76696527,0.66044897,-0.6027849,0.7080386,0.67936075,0.7519071,-0.84793186,0.67501223,0.73253703,0.59848297,-0.83733606,-0.69783473,-0.7829201,0.585721,0.7953453
-0.7436823,0.74397665,0.6404959,-0.59003526,0.6880537,0.66177964,0.7310581,-0.83342135,0.6517729,0.7147791,0.57853514,-0.818474,-0.68678916,-0.76268435,0.5702633,0.77623963
-0.74149287,0.74574864,0.6381577,-0.579199,0.6855842,0.6591973,0.7308527,-0.8190358,0.6550384,0.7103443,0.58653474,-0.820383,-0.6753881,-0.75911236,0.56467247,0.7694906
-0.75959045,0.7663246,0.6618991,-0.5990794,0.70884657,0.68043655,0.7505268,-0.84204185,0.6687275,0.73023915,0.59109163,-0.83050007,-0.698442,-0.7757684,0.5830133,0.78654706
-0.7532897,0.7582104,0.6497698,-0.5960624,0.6954483,0.6697826,0.735708,-0.84397244,0.66149575,0.7268591,0.58939266,-0.82806146,-0.6917176,-0.77019334,0.5765421,0.7798238
-0.75268525,0.7591255,0.65340555,-0.5956083,0.69710076,0.67049116,0.73926437,-0.8390456,0.6644396,0.72187066,0.5918514,-0.8298666,-0.6920607,-0.7698449,0.57497084,0.78358114
-0.7285354,0.71960086,0.6238291,-0.57560956,0.6689279,0.64444864,0.716527,-0.7997969,0.6403295,0.6937237,0.57440984,-0.8057605,-0.65282226,-0.7490511,0.5541207,0.7532507
-0.7691554,0.7737179,0.66735584,-0.6064386,0.7143824,0.6872589,0.7567011,-0.85726446,0.67500603,0.7411471,0.6013071,-0.8365075,-0.7064744,-0.7868562,0.5907464,0.79350066
-0.76840043,0.77376175,0.6658863,-0.6090094,0.713292,0.6877371,0.75811327,-0.85921353,0.6773448,0.7393935,0.6034485,-0.8410027,-0.70637107,-0.7874265,0.5910176,0.79774404
-0.7285762,0.7294257,0.6309605,-0.5762671,0.6693617,0.64823055,0.7157593,-0.8048179,0.6505116,0.6988348,0.57878953,-0.8164338,-0.6668674,-0.7469908,0.56004757,0.7655293
-0.7546687,0.76130337,0.65446186,-0.60311234,0.70149714,0.67731005,0.74262583,-0.84976584,0.66048867,0.7276688,0.5897206,-0.8303196,-0.6964903,-0.7758757,0.5800464,0.7858794
-0.7524805,0.7621361,0.65568084,-0.6011443,0.7047778,0.67327243,0.7455083,-0.8449642,0.6619557,0.72210324,0.5914923,-0.8334989,-0.6941296,-0.77454746,0.5749857,0.7826277
-0.76361656,0.76309836,0.6591382,-0.6036093,0.7028154,0.67882085,0.7458472,-0.85332936,0.67065436,0.7349899,0.6006009,-0.8327546,-0.69813216,-0.78235614,0.58531135,0.79193485
-0.7476867,0.7488744,0.6497676,-0.59732175,0.6939435,0.66715544,0.7353163,-0.83787066,0.6578267,0.71710324,0.587021,-0.8239544,-0.68710893,-0.7704185,0.5717646,0.778478
-0.7434626,0.75420165,0.64501226,-0.58260864,0.6859913,0.6624028,0.72801524,-0.8254413,0.6546849,0.7133508,0.584343,-0.8152902,-0.6845473,-0.76129305,0.56774884,0.7740114
-0.75945115,0.75382996,0.65335894,-0.59829855,0.69813305,0.6749727,0.7435254,-0.84212154,0.6653001,0.72872925,0.5947985,-0.82588243,-0.69166696,-0.77472115,0.58094484,0.7824522
-0.7529214,0.75751406,0.64981055,-0.5953237,0.69569117,0.6727723,0.7396302,-0.84289986,0.66430855,0.7237563,0.5964249,-0.8285608,-0.68960655,-0.7736913,0.5768646,0.78474545
-0.760742,0.76517606,0.66039264,-0.60313785,0.7060467,0.6740136,0.7464577,-0.8520801,0.6687612,0.7288906,0.59822804,-0.8337189,-0.7009046,-0.78096104,0.5798148,0.79010737
-0.7023418,0.6841566,0.6083708,-0.5580065,0.64404786,0.61827105,0.69332445,-0.7695939,0.61360973,0.6689278,0.55289465,-0.78857946,-0.64369047,-0.7283157,0.536477,0.73847365
-0.7553092,0.7633939,0.6541205,-0.59099376,0.6973715,0.67158175,0.73972833,-0.83695453,0.6669772,0.7266878,0.5954337,-0.82544047,-0.6903801,-0.7712661,0.5768854,0.7807231
-0.7494046,0.74579823,0.6525754,-0.58993685,0.6885866,0.66072834,0.7330569,-0.8260864,0.6603271,0.7139771,0.58954614,-0.8205327,-0.6838008,-0.765785,0.5698782,0.7734262
-0.73906523,0.746364,0.6257366,-0.5799681,0.6748458,0.675365,0.7217782,-0.8333213,0.64973396,0.71458566,0.58496815,-0.81223553,-0.67399156,-0.7613474,0.5729115,0.7722535
-0.7650876,0.76208603,0.6651716,-0.6057474,0.7063041,0.6800166,0.75044847,-0.84944344,0.6719229,0.735072,0.595891,-0.8330307,-0.7040422,-0.7788111,0.5879853,0.78675497
-0.74263334,0.7516509,0.64294314,-0.5846031,0.6861907,0.6653673,0.7282175,-0.83101887,0.65217924,0.7124336,0.5844021,-0.8127568,-0.6841798,-0.7636292,0.56762165,0.7719649
-0.7135712,0.70692044,0.6080008,-0.578614,0.6579684,0.6269857,0.7037493,-0.79807556,0.631805,0.6793957,0.55562675,-0.8173989,-0.65103376,-0.73340845,0.5434948,0.74403954
-0.74565786,0.751924,0.64130557,-0.5796942,0.6949684,0.65841424,0.73507595,-0.82745117,0.6552757,0.71512187,0.5884265,-0.82281286,-0.68292105,-0.7640294,0.56324184,0.77688813
-0.7602425,0.76843435,0.66604835,-0.59422797,0.7113801,0.6796578,0.75316966,-0.8395771,0.67257005,0.72743833,0.59853554,-0.83083045,-0.69704735,-0.77785826,0.579254,0.7789668
-0.7236605,0.720655,0.62908125,-0.5753956,0.6588095,0.6418557,0.7045163,-0.80362564,0.63560146,0.6923336,0.56709677,-0.80029714,-0.6705179,-0.7380049,0.55478156,0.75428927
-0.7527369,0.7600752,0.65688217,-0.6013267,0.701679,0.6748548,0.7443358,-0.84163827,0.6641334,0.72448224,0.59033376,-0.832847,-0.69623506,-0.77147686,0.579402,0.7825239
-0.70115125,0.7268428,0.5975738,-0.5675061,0.64054453,0.642338,0.68441355,-0.7988095,0.6288824,0.68356216,0.5491866,-0.80801654,-0.65867937,-0.71491444,0.54750866,0.75219166
