docid,wordid3,weight
0,faces,1.0
1,elsevier,1.0
2,intuition,1.0
5,elsevier,1.0
6,diffusion,1.0
11,evaluation,1.0
12,aggregated,0.8526362522962785
12,elsevier,0.5225049485604485
14,unlike,1.0
15,unlike,1.0
19,aggregated,0.5354677604316745
19,subsets,0.7336848709060496
19,evaluation,0.4183070495961788
20,elsevier,1.0
21,mpii,1.0
22,csta,1.0
23,reproducibility,0.8303281037923543
23,github,0.5572748335001262
24,evaluation,0.5815212187548465
24,encoded,0.8135312361168917
25,evaluation,1.0
26,elsevier,1.0
28,elsevier,1.0
29,guided,1.0
30,elsevier,1.0
40,elsevier,1.0
41,ngcf,1.0
42,spie,1.0
46,deepwalk,1.0
49,detectors,0.2978989681488607
49,grid,0.9545974045511774
50,faces,1.0
51,elsevier,1.0
52,intermediate,1.0
53,deepwalk,1.0
54,aggregated,1.0
57,elsevier,1.0
58,coseg,1.0
59,elsevier,1.0
60,elsevier,1.0
61,faces,1.0
62,grid,1.0
63,diffusion,1.0
65,grid,1.0
68,softmax,1.0
69,grid,1.0
70,github,1.0
74,elsevier,1.0
76,intuitively,0.9072565025688096
76,elsevier,0.4205777437604271
77,faces,1.0
78,encoded,1.0
79,elsevier,1.0
83,fails,0.900855505099978
83,elsevier,0.4341190607783349
85,transformers,1.0
87,confidences,1.0
88,staggered,0.7539495508346461
88,secure,0.6569323213210287
90,achievement,0.8574847449825119
90,github,0.5145093897318846
92,fails,1.0
97,guide,1.0
102,faces,0.8805706022586316
102,elsevier,0.4739149865090475
105,elsevier,0.3766913937760303
105,encoded,0.6717839235091154
105,grid,0.6378165519722505
106,elsevier,1.0
107,gqa,0.7384811722884408
107,evaluation,0.674274097215287
110,evaluation,0.6014709699051833
110,grid,0.7988946566108188
112,spite,1.0
114,break,0.5836493284059457
114,reproducibility,0.5566794013085864
114,github,0.3736154650918236
114,grid,0.4581189691054306
115,sbu,0.910894541047341
115,elsevier,0.4126392311573802
121,github,1.0
123,aggregated,1.0
126,grid,1.0
127,elsevier,1.0
131,aggregated,1.0
133,intermediate,1.0
134,unlike,0.6348345413556029
134,densely,0.7726481120806685
136,github,0.8099279780257954
136,elsevier,0.5865293431799017
137,motivation,1.0
139,wikipedia,0.8805937712697814
139,github,0.4738719341772245
144,decoupled,1.0
145,variously,1.0
147,deepwalk,1.0
150,guided,1.0
151,elsevier,1.0
152,evaluation,1.0
153,elsevier,1.0
156,elsevier,1.0
157,extremely,0.8680289246089061
157,elsevier,0.4965136312754223
158,elsevier,1.0
162,faces,1.0
167,elsevier,1.0
171,elsevier,0.3868916022945969
171,occurrences,0.922125201951405
172,aggregated,0.8526362522962785
172,elsevier,0.5225049485604485
174,faces,0.8805706022586316
174,elsevier,0.4739149865090475
176,diffusion,1.0
178,chemical,1.0
180,fails,0.900855505099978
180,elsevier,0.4341190607783349
185,copy,1.0
186,intuitively,0.8422190515611208
186,github,0.539135483146385
187,empirically,0.8927293769276835
187,elsevier,0.4505932307195814
189,elsevier,1.0
192,densely,1.0
193,aggregated,1.0
197,elsevier,1.0
199,pavia,1.0
204,aggregated,1.0
205,guided,0.8546564903490619
205,elsevier,0.5191938785311548
206,elsevier,1.0
207,elsevier,1.0
210,dipole,1.0
212,motivation,0.7170660108746889
212,extremely,0.697005262568555
213,canadian,1.0
214,intuition,0.4567808569483563
214,neighbourhood,0.889579253762994
215,spite,0.9171579453102712
215,elsevier,0.3985239056245458
216,evaluation,0.2410646664721775
216,ips,0.970509055382101
217,elsevier,1.0
220,gaze,1.0
221,aggregated,1.0
223,pems,1.0
224,unlike,1.0
225,psycholinguistic,1.0
226,problematic,0.91493948123106
226,elsevier,0.4035910624439532
227,spie,1.0
230,drop,0.903931298999578
230,elsevier,0.4276776901931353
231,guided,1.0
232,elsevier,0.5085289723377242
232,grid,0.8610448793722301
233,spie,1.0
234,aggregated,0.8526362522962785
234,elsevier,0.5225049485604485
235,github,0.8099279780257954
235,elsevier,0.5865293431799017
236,differently,0.922125201951405
236,elsevier,0.3868916022945969
237,github,1.0
238,elsevier,0.351895774636056
238,dong,0.936039189240114
240,github,1.0
242,extremely,1.0
247,elsevier,1.0
249,choices,0.878130989212342
249,evaluation,0.4784202815359666
253,github,0.9402603177927334
253,elsevier,0.3404563625258128
254,correctness,0.333064558706491
254,assessment,0.9429040246672248
259,evaluation,1.0
264,guide,0.6309652636778333
264,interestingly,0.7758110826947255
267,elsevier,1.0
268,github,1.0
270,intuitively,0.6835398784144947
270,elsevier,0.3168692194763754
270,selectively,0.6575462967468757
272,unlike,0.8588564959408774
272,elsevier,0.5122162818382071
273,elsevier,1.0
278,elsevier,1.0
280,decoupled,1.0
281,guided,1.0
286,grid,1.0
287,story,1.0
291,chemical,1.0
293,guided,0.8546564903490619
293,elsevier,0.5191938785311548
294,elsevier,1.0
296,elsevier,1.0
298,elsevier,1.0
300,elsevier,1.0
308,chemical,0.9399199333691072
308,elsevier,0.3413949602079866
310,spie,1.0
311,github,1.0
312,chemical,1.0
313,elsevier,1.0
314,github,0.762983468995887
314,preprocessed,0.6464179963761858
316,evaluation,1.0
317,unlike,1.0
318,evaluation,0.5200356293987846
318,closed,0.8541445686508873
319,grid,1.0
326,selectively,1.0
327,elsevier,1.0
329,correctness,0.6179760214917751
329,encoded,0.4710104788983008
329,google,0.6294877009356026
330,elsevier,1.0
334,markers,0.7239590655148813
334,initiative,0.689842932455512
337,elsevier,1.0
339,sbu,1.0
341,guide,0.5024297156322863
341,laa,0.8646180548945643
343,elsevier,1.0
344,guide,0.9556581517079415
344,elsevier,0.2944783473774612
345,elsevier,1.0
346,elsevier,1.0
347,floating,1.0
349,presentation,1.0
352,streaming,0.9317496226015646
352,elsevier,0.3631014194159012
353,aggregated,1.0
354,google,1.0
356,elsevier,1.0
357,elsevier,1.0
358,elsevier,0.3371543637389407
358,mldc,0.9414493799518856
359,sparsely,0.5990655810494369
359,copy,0.8006999622841883
362,guide,1.0
363,elsevier,1.0
364,evaluation,0.2330246422791229
364,zebra,0.9724708304574934
365,fails,0.900855505099978
365,elsevier,0.4341190607783349
366,grid,1.0
367,blocking,1.0
371,initiative,1.0
372,blocking,0.3279462663949843
372,suspicious,0.679894279861178
372,ips,0.6558925327899686
373,diffusion,1.0
374,elsevier,1.0
376,sbu,0.910894541047341
376,elsevier,0.4126392311573802
378,evaluation,0.5815212187548465
378,encoded,0.8135312361168917
379,evaluation,0.7868016996285496
379,elsevier,0.6172058695942753
380,ets,0.7606027319885675
380,occurrences,0.6492175937938892
383,sbu,1.0
386,otucd,1.0
388,aggregated,0.5895237373763433
388,secure,0.8077510526578272
392,unlike,1.0
394,correctness,1.0
396,markers,1.0
398,dblp,1.0
403,empirically,0.5199226025187618
403,dollars,0.698045150458546
403,chemical,0.3612495321551578
403,evaluation,0.3345328546332972
404,documented,0.6041023126450445
404,guide,0.3931551820553651
404,choices,0.5669304213492569
404,guided,0.3988474595991252
405,chemical,1.0
406,guided,1.0
407,evaluation,0.2936174594051623
407,selectively,0.9559230029309148
409,grid,1.0
412,closed,1.0
413,guided,1.0
414,spite,0.8082330537049417
414,unlike,0.5888627436837764
419,motivates,0.6378110832164525
419,empirically,0.5068290800004162
419,viable,0.5799321561977635
420,neighbourhood,1.0
421,selectively,1.0
423,evaluation,1.0
424,elsevier,1.0
425,elsevier,1.0
428,elsevier,0.4757395565914125
428,intermediate,0.8795861949202058
429,elsevier,1.0
431,guide,1.0
432,floating,1.0
433,elsevier,1.0
435,empirically,1.0
437,assessment,1.0
438,break,1.0
439,aggregated,1.0
442,aggregated,0.6974418810098293
442,unlike,0.7166413486629635
444,break,1.0
445,camm,1.0
446,guide,1.0
453,github,0.7347717698290629
453,evaluation,0.6783144154905353
454,spie,0.6838763963706058
454,floating,0.7295978854733298
456,aggregated,1.0
458,chemical,1.0
459,sbu,1.0
464,assessment,0.7924105047490636
464,evaluation,0.6099881900195563
468,chemical,0.4421744708878462
468,bayer,0.896929059232141
469,floating,1.0
470,guide,0.8513164345972183
470,elsevier,0.5246525785552572
473,evaluation,1.0
474,unlike,0.6348345413556029
474,densely,0.7726481120806685
475,fails,0.900855505099978
475,elsevier,0.4341190607783349
479,elsevier,1.0
480,elsevier,1.0
481,elsevier,1.0
486,fails,0.5707103387339925
486,yelp,0.6329351470608269
486,diffusion,0.4450224759329735
486,elsevier,0.27502328045405
487,guide,1.0
488,aggregated,1.0
489,integral,1.0
493,guide,1.0
495,guided,1.0
496,elsevier,1.0
498,diffusion,0.8506642595470345
498,elsevier,0.5257093470058293
499,elsevier,1.0
500,elsevier,1.0
501,assessment,0.9713654724323066
501,evaluation,0.1869363993868653
501,elsevier,0.1466420865598831
503,copy,0.6694577799400397
503,transformers,0.7428501066014283
504,assessment,1.0
505,elsevier,1.0
507,evaluation,1.0
508,cation,0.9171579453102712
508,elsevier,0.3985239056245458
511,transformers,1.0
516,dismantling,1.0
518,morgan,1.0
519,evaluation,1.0
522,evaluation,1.0
524,guide,1.0
525,guide,0.5172086969517906
525,assessment,0.5278501539447988
525,drop,0.6736982846778541
528,elsevier,0.3929941773193325
528,preprocessed,0.9195409597147378
529,elsevier,1.0
531,intuition,1.0
532,normalization,0.8952838318269996
532,elsevier,0.4454961957965126
534,achievement,1.0
536,assessment,1.0
537,elsevier,0.4757395565914125
537,intermediate,0.8795861949202058
540,break,1.0
541,aggregated,1.0
543,github,0.8099279780257954
543,elsevier,0.5865293431799017
544,elsevier,0.4341190607783349
544,selectively,0.900855505099978
546,confidences,0.936039189240114
546,elsevier,0.351895774636056
547,elsevier,1.0
548,extremely,1.0
551,spie,0.6434814162599761
551,doi,0.7654617344636213
554,kendall,0.8903691734847616
554,evaluation,0.455239206251024
558,evaluation,1.0
562,elsevier,1.0
563,fitness,0.8066199548967481
563,encoded,0.5910704258904924
565,softmax,0.6731915261017276
565,sbu,0.7394681664445244
566,assessment,0.7680226917709925
566,github,0.6404226299287362
568,evaluation,1.0
570,transformers,1.0
573,diffusion,1.0
575,closed,1.0
576,github,1.0
578,github,1.0
586,friends,1.0
587,empirically,1.0
589,guide,1.0
590,encoded,1.0
592,evaluation,1.0
596,elsevier,1.0
597,normalization,1.0
599,fitness,1.0
600,guide,0.4222838412665273
600,guided,0.4283978566386958
600,tcr,0.7266971321347686
600,evaluation,0.3317573088564298
601,evaluation,1.0
602,copy,1.0
605,assessment,1.0
606,elsevier,1.0
607,problematic,0.8139298261749094
607,diffusion,0.5809631985443501
609,guide,1.0
611,connecting,1.0
612,evaluation,1.0
613,connecting,1.0
617,softmax,0.7647453066048836
617,grid,0.644332690483575
621,subsets,0.7116120234619527
621,sbu,0.7025726496700432
623,github,0.7347717698290629
623,evaluation,0.6783144154905353
624,break,1.0
625,branching,0.6897393462438035
625,glycan,0.7240577561515176
627,closed,1.0
633,elsevier,0.5145982023029716
633,copy,0.8574314492637589
636,assessment,1.0
637,elsevier,0.3371543637389407
637,cagcn,0.9414493799518856
639,assessment,1.0
641,evaluation,1.0
642,interestingly,0.8939897237147251
642,elsevier,0.4480874623245662
643,diffusion,1.0
647,motivation,1.0
650,chemical,0.3920223045873087
650,alkali,0.6455915644483255
650,cation,0.6553854168496723
652,diffusion,1.0
653,inappropriate,1.0
655,github,0.8099279780257954
655,elsevier,0.5865293431799017
656,evaluation,0.5815212187548465
656,encoded,0.8135312361168917
659,chemical,1.0
660,elsevier,0.1762579519434064
660,infgcn,0.9843440122115418
661,github,0.8099279780257954
661,elsevier,0.5865293431799017
663,fails,1.0
669,chemical,1.0
670,chemical,0.5419588773570367
670,orange,0.8404050066806483
671,victorian,1.0
672,github,0.8099279780257954
672,elsevier,0.5865293431799017
673,elsevier,1.0
674,unlike,1.0
675,elsevier,1.0
676,runs,0.6035260129402148
676,dihydrate,0.7973433085594233
677,extremely,0.4397905794583918
677,github,0.3473757989918289
677,guided,0.8281994328025348
678,decoupled,0.65975209263356
678,guided,0.4857280524717733
678,elsevier,0.29507414302933
678,copy,0.4916570811278155
679,pems,0.8157443826793795
679,aggregated,0.5784125708584126
681,decoupled,1.0
682,guide,0.1104407759663752
682,fitness,0.9938827068643185
685,unlike,0.719573080078824
685,diffusion,0.6944167210154681
687,empirically,1.0
688,unlike,1.0
693,motivation,0.815854012816992
693,evaluation,0.5782579266818672
694,diffusion,1.0
695,aggregated,1.0
696,achievement,0.7904475238140213
696,encoded,0.6125297642533644
702,inappropriate,0.5100609864123005
702,normalization,0.8601382389709872
704,chemical,1.0
705,elsevier,1.0
707,aggregated,1.0
708,chemical,0.3765002163416329
708,diffusion,0.8851236697247123
708,elsevier,0.2735026076434411
709,chemical,1.0
713,evaluation,1.0
717,chemical,1.0
718,evaluation,1.0
719,aggregated,0.8526362522962785
719,elsevier,0.5225049485604485
720,aggregated,0.3819061751488606
720,gdfns,0.6535088650443724
720,gdfn,0.6535088650443724
721,pavia,0.8500620640475088
721,evaluation,0.5266825298671763
722,elsevier,0.3631014194159012
722,dipole,0.9317496226015646
723,extremely,1.0
725,diffusion,0.658586440282711
725,intermediate,0.7525050834883092
727,eddm,0.3454844510894121
727,dipole,0.6349822598130106
727,hyperpolarizabilities,0.6909689021788243
729,evaluation,0.3572879147174196
729,copy,0.9339942965547904
730,guided,1.0
734,evaluation,1.0
735,normalization,1.0
738,chemical,0.4943792964962276
738,pavia,0.7389132947179683
738,evaluation,0.4578168346456167
739,motivation,1.0
741,triazine,1.0
744,motivation,1.0
745,peaks,0.9072565025688096
745,elsevier,0.4205777437604271
748,achievement,1.0
749,elsevier,1.0
751,chemical,0.4359577967146859
751,medica,0.8424044841961857
751,elsevier,0.3166946233990009
754,connecting,0.9496974939330096
754,github,0.3131687564514718
755,chemical,0.4317279658394641
755,reproducibility,0.6452728419681285
755,spectroscopic,0.630264962480458
759,drop,1.0
761,chemical,0.3722863568013353
761,interestingly,0.5395641626247487
761,thf,0.7551644741052392
762,dermal,1.0
767,assessment,1.0
768,escherichia,0.922125201951405
768,elsevier,0.3868916022945969
770,elsevier,1.0
775,elsevier,0.5145982023029716
775,copy,0.8574314492637589
777,elsevier,1.0
779,elsevier,1.0
780,aggregated,0.8526362522962785
780,elsevier,0.5225049485604485
782,guide,1.0
783,elsevier,0.1460652600986879
783,grid,0.9892749566183824
784,aspnet,1.0
786,elsevier,0.4890899857912884
786,encoded,0.8722333321988317
793,deliver,1.0
794,chord,0.7071067811865476
794,metis,0.7071067811865476
796,imdb,1.0
798,pavia,1.0
799,encoded,1.0
800,copy,1.0
801,inappropriate,1.0
802,transformers,1.0
803,pavia,0.7751841667598989
803,unlike,0.6317353145145213
804,guided,0.2827305471768493
804,schedulers,0.9591993732760042
806,softmax,1.0
807,elsevier,0.4890899857912884
807,encoded,0.8722333321988317
808,motivation,0.7931839955166905
808,github,0.608982059880403
811,peaks,1.0
812,spectroscopies,0.8881180974364599
812,chemical,0.4596153228579773
813,github,0.4845013761390874
813,tensorflow,0.8747904986448645
815,elsevier,0.4757395565914125
815,intermediate,0.8795861949202058
819,elsevier,1.0
822,grid,1.0
823,elsevier,1.0
826,github,0.3924581477581292
826,diffusion,0.9197698637475892
829,intuitively,0.8609107423503713
829,evaluation,0.5087560257193349
831,chemical,0.5862689793813772
831,diffusion,0.6891371212452937
831,elsevier,0.4258857968245332
832,protonation,0.7610907927748662
832,alkali,0.6486453616216844
833,chemical,0.4727278139060484
833,iodide,0.8812084963047103
834,integral,1.0
835,diffusion,1.0
836,chemical,0.3923432435640085
836,diffusion,0.4611847171157534
836,gcms,0.7958488775694388
837,github,0.8099279780257954
837,elsevier,0.5865293431799017
841,chemical,0.5679119322755747
841,interestingly,0.8230893251519079
842,deliver,0.871642144600665
842,evaluation,0.490142807512212
844,guided,0.6463590624742075
844,elsevier,0.3926556135233743
844,copy,0.6542488299768262
845,elsevier,1.0
846,chemical,0.4359577967146859
846,powders,0.8424044841961857
846,elsevier,0.3166946233990009
847,guide,0.2284796148121136
847,triazine,0.9112411208408772
847,heteroatom,0.3426903635995181
848,orange,1.0
849,modulating,0.6007735077757532
849,iridium,0.6829765458810146
849,diffusion,0.4154686873053794
850,evaluation,0.5485100281208887
850,elsevier,0.4302781870544515
850,copy,0.7169361413654333
851,chemical,1.0
852,chemical,0.4421744708878462
852,nyquist,0.896929059232141
853,chemical,0.8090586957804973
853,elsevier,0.5877278509497067
855,elsevier,1.0
858,chemical,0.3334198400197927
858,elsevier,0.2422075518881673
858,london,0.644269629925824
858,dong,0.644269629925824
862,powders,1.0
863,evaluation,0.9309517825390752
863,elsevier,0.3651421347740065
864,peaks,0.7175689093901173
864,closed,0.6964875162389328
865,abs,1.0
866,densely,1.0
868,chemical,1.0
870,chemical,1.0
871,faces,1.0
872,elsevier,1.0
873,elsevier,1.0
874,deliver,0.6943248608221191
874,unlike,0.5135457186060945
874,guided,0.5041664234612367
875,unlike,1.0
877,guided,1.0
879,elsevier,0.3371543637389407
879,manet,0.9414493799518856
883,chemical,0.8090586957804973
883,elsevier,0.5877278509497067
884,runs,1.0
886,extremely,1.0
887,motivates,0.7627963648184297
887,drop,0.6466387753760122
893,aggregated,1.0
895,grid,0.6753775055255339
895,intermediate,0.7374721859366002
896,viable,0.7641121591554574
896,aggregated,0.550021502689523
896,elsevier,0.337059274920516
897,elsevier,1.0
904,elsevier,1.0
905,elsevier,1.0
906,elsevier,1.0
907,evaluation,1.0
908,chemical,1.0
910,pavia,1.0
911,spectroscopic,1.0
913,github,1.0
915,transformers,1.0
917,transformers,1.0
921,chemical,0.5560780854770295
921,reproducibility,0.8311300517080353
934,elsevier,1.0
941,pems,1.0
943,elsevier,1.0
944,triazine,1.0
951,elsevier,1.0
953,malignancy,0.632530579041651
953,documented,0.5647796461716936
953,presentation,0.530027374620793
954,copy,1.0
958,elsevier,1.0
959,evaluation,1.0
963,chemical,1.0
965,chemical,0.6474881428973974
965,evaluation,0.5996023178007761
965,elsevier,0.4703574867005059
966,alkali,0.91422079850271
966,spectroscopic,0.4052164009329676
967,reproducibility,1.0
968,elegans,0.8812084963047103
968,chemical,0.4727278139060484
970,evaluation,1.0
971,assessment,0.8560318710972709
971,elsevier,0.5169230461739015
972,elsevier,1.0
973,screened,0.9023653753959916
973,elsevier,0.4309718428000272
975,guide,0.4602172502951195
975,empirically,0.5619256423594382
975,elsevier,0.2836244635370905
975,neighbourhood,0.6260964931007279
976,github,0.484097836860014
976,unlike,0.5878191226206659
976,transformers,0.6481650742125233
977,github,0.5792467959277594
977,elsevier,0.4194758694257018
977,copy,0.6989371533814585
979,elsevier,1.0
984,elsevier,1.0
991,elsevier,1.0
992,scripts,0.608051311473264
992,executable,0.5792312981873406
992,jaccard,0.5429223754975031
993,chemical,0.5001414409813474
993,integral,0.8659437273940503
996,elsevier,1.0
998,chemical,0.8090586957804973
998,elsevier,0.5877278509497067
1001,analysts,1.0
1003,guide,0.1321204850028376
1003,github,0.2248731515333498
1003,gngcn,0.2273626602899504
1003,guided,0.9382336936328552
1005,unlike,0.6849899329268926
1005,encoded,0.7285525319349396
1006,guide,1.0
1007,encoded,0.7252032572803229
1007,grid,0.688534847070219
1008,chemical,1.0
1009,neighbourhood,1.0
1012,elsevier,0.5085289723377242
1012,grid,0.8610448793722301
1013,elsevier,0.5145982023029716
1013,copy,0.8574314492637589
1016,secure,1.0
1017,triazines,0.4888550129483619
1017,triazine,0.7553107793322248
1017,protons,0.4364933022851598
1018,densely,1.0
1019,granger,1.0
1021,drop,1.0
1022,diffusion,1.0
1027,elsevier,1.0
1028,spectrometer,1.0
1029,motivation,1.0
1030,elsevier,1.0
1031,chemical,1.0
1033,chemical,0.9399199333691072
1033,elsevier,0.3413949602079866
1038,runs,1.0
1040,chemical,0.8090586957804973
1040,elsevier,0.5877278509497067
1043,github,0.5303316103015313
1043,neighbourhood,0.8477902943033642
1049,peaks,1.0
1050,chemical,1.0
1051,evaluation,1.0
1052,aggregated,0.7880437495083784
1052,evaluation,0.6156192401645485
1053,assessment,1.0
1055,investigations,0.9072565025688096
1055,elsevier,0.4205777437604271
1056,guide,0.3826779879544675
1056,sbu,0.5206092255157596
1056,diffusion,0.763232331497429
1058,chemical,0.8090586957804973
1058,elsevier,0.5877278509497067
1060,detectors,0.903931298999578
1060,elsevier,0.4276776901931353
1061,fails,0.360632663138276
1061,normalization,0.3492492792736665
1061,amplicons,0.4622732429164968
1061,amplicon,0.4459539918462643
1061,copy,0.5791351390171957
1062,aggregated,1.0
1063,aggregated,1.0
1067,optimised,0.7829336742179913
1067,detectors,0.6221051854594335
1069,floating,0.8747647130824359
1069,evaluation,0.4845479302874007
1071,mpii,1.0
1074,evaluation,1.0
1076,elsevier,1.0
1077,elsevier,1.0
1078,copy,1.0
1079,motivation,1.0
1080,reproducibility,0.7040806727058396
1080,selectively,0.710119994312294
1082,elsevier,1.0
1083,github,1.0
1085,chemical,1.0
1087,spectroscopic,1.0
1088,evaluation,1.0
1089,spite,0.6022946355797754
1089,deliver,0.5932941534034313
1089,densely,0.5340816599445551
1090,interestingly,1.0
1091,copy,1.0
1096,deliver,0.706236028645148
1096,elsevier,0.3115294016535193
1096,densely,0.6357516053844692
1097,assessment,1.0
1098,fails,1.0
1100,modulating,0.9779215267800528
1100,elsevier,0.2089724562237099
1101,chemical,0.8090586957804973
1101,elsevier,0.5877278509497067
1103,transformers,1.0
1104,friends,1.0
1105,unlike,1.0
1106,encoded,1.0
1107,guided,1.0
1108,secure,1.0
1109,fails,0.3053005209760888
1109,diffusion,0.9522560537438072
1111,runs,0.903931298999578
1111,elsevier,0.4276776901931353
1112,guide,1.0
1115,synapse,0.8211288587917268
1115,transformers,0.5707428468753651
1122,concentrated,0.7578533276620839
1122,empirically,0.6524249640774838
1126,elsevier,1.0
1127,accumulate,1.0
1129,normalization,1.0
1131,modulating,1.0
1132,elsevier,1.0
1133,normalization,0.5812244293483629
1133,motivation,0.5201794836137376
1133,extremely,0.5056268628835193
1133,evaluation,0.3686908502886747
1135,extremely,1.0
1136,assessment,1.0
1137,evaluation,1.0
1138,elsevier,1.0
1139,rhodamines,0.7944499902074392
1139,orange,0.6073295753208465
1140,runs,0.8379432925843343
1140,chemical,0.5457573072464763
1149,elsevier,1.0
1151,elsevier,1.0
1153,guided,1.0
1154,orange,1.0
1155,deepwalk,0.698908614347813
1155,neighbourhood,0.7152109820118956
1157,chemical,1.0
1158,chemical,1.0
1161,peaks,0.9072565025688096
1161,elsevier,0.4205777437604271
1163,chemical,1.0
1165,assessment,1.0
1167,chemical,1.0
1168,orange,1.0
1169,extremely,0.5306614313875093
1169,asic,0.8475838868441045
1170,chemical,1.0
1173,spectroscopic,1.0
1174,initiative,1.0
1176,evaluation,1.0
1177,interacts,1.0
1179,assessment,1.0
1181,spectroscopic,0.6890614242216743
1181,drop,0.7247029416592692
1183,aldehyde,1.0
1186,grid,1.0
1189,elsevier,1.0
1191,correctness,0.7029221128550027
1191,initiative,0.5993658255660358
1191,evaluation,0.3829635888736727
1192,chemical,1.0
1193,elsevier,1.0
1195,guided,1.0
1196,elsevier,1.0
1197,assessment,0.5513674210242654
1197,investigations,0.7182255730221163
1197,evaluation,0.4244360885811941
1200,assessment,1.0
1201,elsevier,1.0
1202,elsevier,1.0
1205,bulb,1.0
1206,periods,0.7972029603175467
1206,grid,0.6037113880497372
1208,interestingly,0.4268250290788185
1208,drop,0.9043342272367368
1214,intuitively,1.0
1215,chemical,0.5042846881334181
1215,orange,0.7819843800077044
1215,elsevier,0.3663296094204606
1216,grid,1.0
1217,diffusion,0.658586440282711
1217,intermediate,0.7525050834883092
1218,chemical,0.8090586957804973
1218,elsevier,0.5877278509497067
1219,elsevier,1.0
1220,initiative,0.7237620138432592
1220,diffusion,0.5870005917355922
1220,elsevier,0.3627655615126864
1222,diffusion,1.0
1223,encoded,1.0
1224,guide,1.0
1225,break,1.0
1228,faces,0.8805706022586316
1228,elsevier,0.4739149865090475
1231,differently,0.673912641137445
1231,aggregated,0.461398736123198
1231,densely,0.5770207608215396
1234,chemical,1.0
1237,elsevier,1.0
1240,faces,1.0
1241,pharmacology,1.0
1245,chemical,0.5003391788972199
1245,extremely,0.6354242335093739
1245,diffusion,0.5881298747126186
1246,reproducibility,1.0
1249,intuition,1.0
1253,guide,1.0
1256,spie,1.0
1257,github,0.6320117796302117
1257,grid,0.7749587798126122
1259,guided,0.6649664922321595
1259,transformers,0.7468731915181167
1260,evaluation,1.0
1266,normalization,0.6670211638042638
1266,softmax,0.6670211638042638
1266,elsevier,0.3319119372279505
1273,projective,1.0
1274,encoded,1.0
1275,runs,0.8379432925843343
1275,chemical,0.5457573072464763
1277,variously,1.0
1281,chemical,1.0
1284,github,1.0
1285,diffusion,1.0
1287,elsevier,1.0
1288,guide,1.0
1290,initiative,0.7713456928093587
1290,guided,0.6364163905686672
1292,unlike,1.0
1294,evaluation,1.0
1295,elsevier,1.0
1296,chemical,1.0
1300,aggregated,0.6303593300666818
1300,spectroscopic,0.7763034941296375
1301,maccs,1.0
1306,modulating,1.0
1307,elsevier,1.0
1308,runs,0.8379432925843343
1308,chemical,0.5457573072464763
1309,evaluation,1.0
1310,alternatively,0.8612079604317028
1310,github,0.508252741152536
1311,transformers,1.0
1316,chemical,0.5042846881334181
1316,orange,0.7819843800077044
1316,elsevier,0.3663296094204606
1320,detectors,1.0
1324,spectroscopic,1.0
1328,elsevier,1.0
1330,homework,0.7459258265859169
1330,tensorflow,0.6660290243165958
1331,executable,1.0
1333,viable,0.871642144600665
1333,evaluation,0.490142807512212
1336,flagellin,0.6923112968753713
1336,densely,0.5059663730223849
1336,selectively,0.5144930491166175
1338,empirically,0.6300431721019786
1338,extremely,0.5559531139152901
1338,github,0.4391286811694668
1338,elsevier,0.3180058769738916
1340,github,1.0
1342,chemical,0.9399199333691072
1342,elsevier,0.3413949602079866
1343,transformers,1.0
1345,aggregated,1.0
1346,reproducibility,1.0
1348,dblp,1.0
1349,unlike,0.8588564959408774
1349,elsevier,0.5122162818382071
1350,elsevier,1.0
1352,gcaru,0.6729137671229041
1352,evaluation,0.307203717479011
1352,fehgcarn,0.6729137671229041
1354,evaluation,1.0
1360,assessment,0.4789996515892083
1360,triazine,0.6239574304208166
1360,orange,0.6174434863208685
1361,spectroscopic,1.0
1362,chemical,0.8090586957804973
1362,elsevier,0.5877278509497067
1365,inappropriate,1.0
1367,iodide,1.0
1368,chemical,0.5651243199397432
1368,spectroscopic,0.8250057593814982
1372,screened,1.0
1376,elsevier,1.0
1378,string,0.667666971068532
1378,couplings,0.7444600833786672
1379,chemical,1.0
1382,runs,0.489833674762206
1382,projective,0.6164669379086576
1382,jetson,0.6164669379086576
1383,faces,0.9656485672585432
1383,elsevier,0.2598515817760641
1384,alkali,1.0
1386,chemical,1.0
1387,triazine,1.0
1389,extremely,1.0
1395,elsevier,1.0
1397,chemical,0.4923274262071856
1397,heteroatom,0.8704100788732907
1398,analysts,1.0
1399,intermediate,1.0
1403,staggered,0.6766471646576978
1403,rods,0.7363074185153224
1406,viable,0.871642144600665
1406,evaluation,0.490142807512212
1409,intermediate,1.0
1411,iodide,1.0
1413,github,1.0
1414,elsevier,0.4757395565914125
1414,intermediate,0.8795861949202058
1415,github,0.7032035807798165
1415,dmax,0.7109885540417963
1416,guide,0.7020065356479057
1416,guided,0.7121705019920621
1419,github,1.0
1420,fails,0.3450704900220047
1420,assessment,0.2753756769910969
1420,amplicon,0.8534199933778919
1420,copy,0.2770720273512784
1421,alkali,1.0
1422,spectroscopic,1.0
1423,string,0.9896728702628184
1423,elsevier,0.1433443750753915
1430,chemical,0.5379444015162693
1430,triazine,0.8429803205753399
1433,connecting,1.0
1434,interacts,0.5212273480799615
1434,escherichia,0.5695095694647464
1434,numbering,0.6355949196631528
1435,heteroatom,1.0
1436,chemical,0.5419588773570367
1436,orange,0.8404050066806483
1438,faces,1.0
1445,guide,0.7020065356479057
1445,guided,0.7121705019920621
1452,github,1.0
1453,wiki,1.0
1456,unlike,0.6250841856149457
1456,closed,0.7805573399143076
1457,initiative,1.0
1460,assessment,0.5142572131777368
1460,github,0.857636005945802
1461,github,1.0
1462,guided,1.0
1465,downloaded,0.8540359748252125
1465,github,0.5202139499324763
1468,evaluation,1.0
1469,evaluation,0.3300623018753176
1469,mordred,0.6455447924605097
1469,maccs,0.6887167761916971
1470,elsevier,1.0
1471,guided,1.0
1476,encoded,1.0
1477,decoupled,0.4522538953847907
1477,github,0.2793118437762022
1477,closed,0.847024974859432
1478,assessment,1.0
1479,aggregated,1.0
1480,faces,1.0
1481,dblp,0.6559858914915571
1481,imdb,0.6720267470334377
1481,evaluation,0.3436023303699831
1482,secure,1.0
1486,grid,1.0
1488,chemical,0.5733752025229515
1488,downloaded,0.472123894075811
1488,github,0.5751641453861365
1488,guided,0.3428208156409002
1489,pems,1.0
1494,diffusion,1.0
1496,chemical,1.0
1497,chemical,0.4856581447939296
1497,viable,0.799793271494213
1497,elsevier,0.3527986525879922
1498,diffusion,0.8506642595470345
1498,elsevier,0.5257093470058293
1499,drop,1.0
1500,chemical,0.8090586957804973
1500,elsevier,0.5877278509497067
1501,spectroscopic,1.0
1504,assessment,1.0
1505,grincamycin,1.0
1506,roofs,0.8337933590042824
1506,transformers,0.5520766563443483
1507,assessment,0.6653485600748203
1507,faces,0.7465328483103494
1508,motivation,1.0
1510,guide,0.8513164345972183
1510,elsevier,0.5246525785552572
1511,elsevier,0.4890899857912884
1511,encoded,0.8722333321988317
1513,spectroscopies,1.0
1516,elsevier,1.0
1517,investigations,1.0
1518,grid,1.0
1520,grid,1.0
1522,sbu,0.910894541047341
1522,elsevier,0.4126392311573802
1525,interacts,0.6476800651604439
1525,reporter,0.761912418322318
1528,copy,1.0
1530,github,0.8099279780257954
1530,elsevier,0.5865293431799017
1533,aggregated,0.7880437495083784
1533,evaluation,0.6156192401645485
1534,spectroscopic,0.6890614242216743
1534,drop,0.7247029416592692
1536,zboril,1.0
1537,unlike,1.0
1546,tuberculosis,1.0
1548,problematic,1.0
1550,diffusion,1.0
1551,elsevier,0.4890899857912884
1551,encoded,0.8722333321988317
1552,diffusion,0.9554273278191552
1552,elsevier,0.2952263898372709
1553,pavia,0.6118271949370565
1553,ksc,0.7909914560445346
1556,chemical,0.7902848593026592
1556,orange,0.6127396193792075
1557,chemical,0.4596153228579773
1557,protonation,0.8881180974364599
1561,interestingly,0.7045402311468008
1561,spectroscopic,0.7096640491779278
1562,triazine,0.7999552865970216
1562,diffusion,0.6000596132431151
1563,assessment,0.893323883903382
1563,copy,0.4494134382144985
1565,grid,1.0
1566,elsevier,1.0
1568,elsevier,1.0
1569,intermediate,1.0
1573,spie,1.0
1578,zebra,1.0
1581,hyperlinks,0.8881180974364599
1581,chemical,0.4596153228579773
1582,chemical,1.0
1583,reproducibility,1.0
1584,evaluation,1.0
1585,interestingly,0.8939897237147251
1585,elsevier,0.4480874623245662
1591,chitosan,1.0
1593,github,1.0
1595,empirically,0.5489301865616705
1595,github,0.3825943991659024
1595,elsevier,0.2770651807757885
1595,copy,0.461650270890847
1595,transformers,0.5122607626944886
1596,elsevier,1.0
1599,friends,1.0
1600,aggregated,1.0
1601,grid,1.0
1603,intermediate,1.0
1604,elsevier,1.0
1605,guide,1.0
1607,investigations,0.7429835297437823
1607,elsevier,0.3444255684098538
1607,copy,0.5738871860871433
1608,faces,1.0
1612,elsevier,1.0
1613,jetson,0.9017894019510532
1613,evaluation,0.4321757449565651
1614,encoded,1.0
1616,london,1.0
1617,elsevier,1.0
1619,aggregated,1.0
1622,empirically,0.7586376414339047
1622,chemical,0.5271120965228683
1622,elsevier,0.382912218006776
1624,aggregated,1.0
1625,encoded,1.0
1628,elsevier,1.0
1629,grid,1.0
1631,assessment,1.0
1636,github,0.2692935076921871
1636,guided,0.9630581533400971
1639,doi,1.0
1641,markers,0.4771368262275155
1641,grincamycin,0.6061629547600422
1641,scsio,0.6363229693591994
1642,elsevier,1.0
1644,evaluation,1.0
1646,closed,1.0
1648,interacts,0.5981879143860106
1648,pavia,0.5642191750618031
1648,selectively,0.5690588208393691
1652,decoupled,1.0
1657,evaluation,1.0
1658,evaluation,1.0
1660,alternatively,0.6865577827372747
1660,reproducibility,0.6037110089647854
1660,github,0.4051807357434429
1661,subsets,0.6461100471095326
1661,unlike,0.4845338224846846
1661,densely,0.5897192398866581
1662,grid,1.0
1663,connecting,0.726361513748499
1663,empirically,0.687312848232149
1667,grid,1.0
1674,evaluation,0.7868016996285496
1674,elsevier,0.6172058695942753
1677,intuitively,0.7768978293819369
1677,extremely,0.62962668518864
1678,intuitively,0.7895385813621316
1678,unlike,0.6137009276029102
1683,diffusion,1.0
1685,friends,1.0
1687,reproducibility,1.0
1688,mtz,0.753854311008497
1688,heteroatom,0.6570416103824052
1696,chemical,1.0
1698,chemical,0.6186447872154284
1698,extremely,0.7856708135416368
1700,cfz,1.0
1702,guided,1.0
1703,extremely,1.0
1704,initiative,0.7237620138432592
1704,diffusion,0.5870005917355922
1704,elsevier,0.3627655615126864
1709,eastern,0.8858367122522336
1709,evaluation,0.4639971112260867
1710,pavia,1.0
1712,exposome,0.7363074185153224
1712,microbiome,0.6766471646576978
1716,assessment,0.6203410773856046
1716,markers,0.7843321666921914
1717,chemical,1.0
1718,seoul,0.7805940426489513
1718,periods,0.6250383512881169
1719,chemical,0.8090586957804973
1719,elsevier,0.5877278509497067
1720,elsevier,0.5145982023029716
1720,copy,0.8574314492637589
1721,mif,1.0
1722,chemical,1.0
1723,chemical,1.0
1724,elsevier,1.0
1725,copy,1.0
1726,unlike,1.0
1728,guided,0.6649664922321595
1728,intermediate,0.7468731915181167
1729,evaluation,1.0
1733,assessment,0.2411373143284445
1733,copy,0.9704910075000516
1734,triazine,0.9076475884958528
1734,interestingly,0.4197330760110087
1735,intermediate,1.0
1737,evaluation,1.0
1739,evaluation,1.0
1740,evaluation,0.9879154316820368
1740,elsevier,0.154993870344911
1741,faces,1.0
1742,spectroscopic,1.0
1747,normalization,1.0
1748,markers,1.0
1750,concentrated,0.7879237340087953
1750,motivation,0.6157728391100383
1751,gazl,0.9414493799518856
1751,elsevier,0.3371543637389407
1752,evaluation,0.5676391422329451
1752,intermediate,0.8232774770422463
1756,fails,0.7556683888825101
1756,motivation,0.6549544152410238
1757,elsevier,1.0
1760,deepwalk,0.6298757096428921
1760,ngcf,0.7766959446281813
1761,assessment,1.0
1767,elsevier,1.0
1769,peaks,1.0
1770,github,1.0
1771,extremely,0.8680289246089061
1771,elsevier,0.4965136312754223
1772,connecting,0.7805573399143076
1772,unlike,0.6250841856149457
1775,reproducibility,1.0
1777,branching,0.7766959446281813
1777,spie,0.6298757096428921
1779,chemical,1.0
1780,elsevier,1.0
1782,cation,0.9127580202285605
1782,diffusion,0.3208842453891696
1782,evaluation,0.2527965537135785
1783,spite,1.0
1785,initiative,1.0
1786,normalization,0.5164169183949423
1786,copy,0.8563372970947087
1787,evaluation,1.0
1788,downloaded,0.7233398844836249
1788,github,0.4406038030516683
1788,copy,0.5316462171892345
1791,diffusion,1.0
1799,motivation,0.4857763451565611
1799,diffusion,0.8740831439207221
1800,secure,1.0
1802,evaluation,1.0
1807,grid,1.0
1812,floating,1.0
1816,faces,1.0
1817,assessment,0.927027351014298
1817,softmax,0.3749937205759762
1819,lutea,1.0
1821,guide,1.0
1822,motivation,0.6281610828808408
1822,extremely,0.6105875524271944
1822,github,0.4822825880901545
1823,aggregated,1.0
1826,ips,1.0
1828,faces,1.0
1830,assessment,0.8731631603502993
1830,transformers,0.4874280412605304
1834,elsevier,1.0
1838,deepwalk,1.0
1839,evaluation,1.0
1840,aggregated,1.0
1841,eastern,0.8251449624531202
1841,copy,0.564921048411403
1843,elsevier,1.0
1846,modulating,1.0
1847,guide,0.5376674694380408
1847,alternatively,0.7753173782442262
1847,elsevier,0.3313557835629146
1848,elsevier,1.0
1852,chemical,0.6186447872154284
1852,extremely,0.7856708135416368
1857,fails,1.0
1860,faces,1.0
1863,github,0.7422694329656154
1863,tensorflow,0.6701015511733306
1866,subsets,1.0
1867,chemical,1.0
1868,guide,1.0
1872,evaluation,1.0
1875,github,1.0
1876,aggregated,0.7880437495083784
1876,evaluation,0.6156192401645485
1880,grid,1.0
1882,interacts,0.8633786772339705
1882,evaluation,0.5045564980234813
1884,elsevier,1.0
1892,spite,0.8747647130824359
1892,evaluation,0.4845479302874007
1895,github,0.7347717698290629
1895,evaluation,0.6783144154905353
1897,diffusion,1.0
1898,yelp,1.0
1899,elsevier,1.0
1900,transformers,1.0
1903,elsevier,1.0
1904,elsevier,1.0
1905,elsevier,1.0
1908,elsevier,1.0
1909,empirically,0.6111280544139155
1909,microbiome,0.7915317435885071
1912,diffusion,1.0
1914,motivation,1.0
1916,runs,1.0
1917,interestingly,0.6961431361138292
1917,reproducibility,0.7179030115841573
1920,chemical,0.8371906894264333
1920,motivation,0.54691109838592
1921,guide,0.7625528891183292
1921,chemical,0.6469258777458892
1922,elsevier,1.0
1923,assessment,0.9819810637965668
1923,evaluation,0.1889793384075699
1924,chemical,1.0
1927,faces,1.0
1928,dermal,1.0
1929,elsevier,1.0
1931,markers,1.0
1933,minireview,1.0
1934,viable,1.0
1938,elsevier,1.0
1940,evaluation,1.0
1941,grid,1.0
1946,interestingly,0.4509419993170692
1946,hnsc,0.6311304592760217
1946,oracle,0.6311304592760217
1947,elsevier,1.0
1948,copy,1.0
1950,jaccard,1.0
1951,reproducibility,1.0
1952,secure,1.0
1954,chemical,0.8090586957804973
1954,elsevier,0.5877278509497067
1955,eastern,0.8251449624531202
1955,copy,0.564921048411403
1961,elsevier,1.0
1964,intermediate,1.0
1967,closed,1.0
1969,softmax,1.0
1974,chemical,1.0
1975,grid,1.0
1978,normalization,1.0
1979,peaks,1.0
1980,elsevier,1.0
1983,nash,0.8099606200764684
1983,faces,0.5864842657099528
1984,evaluation,1.0
1985,aggregated,1.0
1988,evaluation,1.0
1989,differently,0.4325481156536891
1989,assessment,0.9016108515565032
1993,investigations,1.0
1998,github,1.0
2000,decoupled,1.0
2002,evaluation,0.6014709699051833
2002,grid,0.7988946566108188
2003,guided,1.0
2006,extremely,0.8680289246089061
2006,elsevier,0.4965136312754223
2007,chemical,1.0
2008,assessment,1.0
2011,diffusion,1.0
2012,softmax,0.8444366169555485
2012,evaluation,0.5356554862452807
2013,guild,1.0
2016,normalization,1.0
2017,encoded,1.0
2019,elsevier,1.0
2025,connecting,0.3389407798507418
2025,psycholinguistic,0.8611925691312339
2025,preprocessed,0.3787697277071066
2027,diffusion,1.0
2034,evaluation,1.0
2035,github,1.0
2038,extremely,0.8080040337245934
2038,evaluation,0.5891769526082856
2039,elsevier,1.0
2040,elsevier,1.0
2041,guide,0.5880695616983571
2041,initiative,0.7230681459414914
2041,elsevier,0.3624177795426658
2044,spectrometer,1.0
2046,grid,1.0
2048,achievement,1.0
2052,chemical,1.0
2054,screened,0.4684405190215198
2054,proteoglycan,0.6247253317014002
2054,vero,0.6247253317014002
2055,chemical,0.5010457418787
2055,triazine,0.7851586500785277
2055,elsevier,0.3639767283111479
2056,pavia,1.0
2060,copy,1.0
2061,copy,1.0
2062,guide,1.0
2063,documented,0.7657861544287816
2063,markers,0.6430953006243929
2064,correctness,0.878130989212342
2064,evaluation,0.4784202815359666
2065,copy,1.0
2069,jaccard,0.8110056704861169
2069,motivation,0.5850382914300258
2071,deliver,1.0
2072,github,1.0
2073,github,1.0
2076,github,0.7347717698290629
2076,evaluation,0.6783144154905353
2080,normalization,0.665240638774211
2080,github,0.4571078583940281
2080,encoded,0.5903450671579332
2081,guide,1.0
2083,encoded,0.6284249953562773
2083,neighbourhood,0.7778701853210873
2084,github,1.0
2085,guide,0.8513164345972183
2085,elsevier,0.5246525785552572
2086,hawc,0.6053873138461577
2086,transients,0.6053873138461577
2086,integral,0.5167324263758444
2088,elsevier,1.0
2089,elsevier,1.0
2090,copy,1.0
2091,drop,0.9339147591669364
2091,diffusion,0.3574957658632661
2096,aggregated,1.0
2097,elsevier,1.0
2098,assessment,0.6473443816036907
2098,chemical,0.538115005194057
2098,github,0.5397939354894007
2099,chemical,1.0
2101,github,0.5141597768555414
2101,elsevier,0.3723414975041161
2101,selectively,0.7726587429779412
2102,screened,1.0
2105,copy,1.0
2107,normalization,1.0
2115,chemical,1.0
2121,initiative,1.0
2124,elsevier,1.0
2126,tending,0.753854311008497
2126,accumulate,0.6570416103824052
2127,evaluation,1.0
2129,intermediate,1.0
2130,faces,0.1055869131432743
2130,evaluation,0.0724405260229519
2130,tuberculosis,0.991768004102972
2131,github,1.0
2133,kendall,1.0
2134,pavia,1.0
2135,github,0.9402603177927334
2135,elsevier,0.3404563625258128
2136,closed,1.0
2137,unlike,0.6048678169252796
2137,neighbourhood,0.7963258906051257
2139,assessment,0.58977891018065
2139,motivation,0.6405474407713686
2139,github,0.4917924493395306
2141,extremely,1.0
2143,viable,1.0
2144,accumulate,1.0
2146,periods,1.0
2147,elsevier,1.0
2149,extremely,1.0
2151,chemical,0.6689038157258236
2151,morgan,0.623449380688846
2151,copy,0.4048191633632576
2152,chemical,1.0
2154,gaze,1.0
2156,guide,0.7863519339054118
2156,evaluation,0.6177787921604456
2158,evaluation,1.0
2161,screened,0.4997477815339133
2161,elegans,0.6124753688320583
2161,reporter,0.6124753688320583
2163,bulb,1.0
2164,triazine,0.8658196260725861
2164,protons,0.500356248194751
2165,spectroscopic,1.0
2166,elsevier,1.0
2167,interacts,1.0
2170,cstruct,1.0
2171,periods,0.8018379361211506
2171,copy,0.5975415669198033
2178,elsevier,1.0
2179,evaluation,1.0
2182,achievement,1.0
2183,sbu,0.5482075141696225
2183,detectors,0.5248874979881134
2183,guided,0.4087986302649925
2183,densely,0.5067990881574347
2186,empirically,0.8927293769276835
2186,elsevier,0.4505932307195814
2187,citesser,0.8195540606136497
2187,unlike,0.4921263772676347
2187,elsevier,0.2935008867603502
2188,elsevier,1.0
2189,interestingly,0.6828277001633093
2189,orange,0.7305794494027914
2195,intuitively,0.9072565025688096
2195,elsevier,0.4205777437604271
2197,elsevier,0.5145982023029716
2197,copy,0.8574314492637589
2199,elsevier,0.5145982023029716
2199,copy,0.8574314492637589
2200,unlike,1.0
2203,dgan,0.9414493799518856
2203,elsevier,0.3371543637389407
2208,interestingly,1.0
2211,chemical,1.0
2212,intermediate,1.0
2214,extremely,1.0
2215,github,1.0
2216,guide,1.0
2217,chemical,1.0
2219,extremely,1.0
2222,evaluation,1.0
2225,string,0.7555936233844897
2225,interestingly,0.6550406676693425
2227,unlike,1.0
2228,copy,1.0
2230,chitosan,0.768774754822365
2230,orange,0.6395196450053839
2232,github,0.5539942948460733
2232,selectively,0.8325204629785395
2233,assessment,0.712289955378266
2233,aggregated,0.7018853321356898
2234,guided,0.936516432155029
2234,intermediate,0.3506236904483424
2236,diffusion,1.0
2238,extremely,1.0
2239,chemical,1.0
2241,sparsely,0.6160376768320955
2241,decoupled,0.5524477339621733
2241,elsevier,0.247082265425908
2241,densely,0.5042315302273109
2242,encoded,1.0
2245,extremely,1.0
2246,dsg,0.7071067811865476
2246,dtg,0.7071067811865476
2247,evaluation,1.0
2250,elsevier,1.0
2252,elsevier,1.0
2253,motivation,1.0
2255,cation,0.6542911078384146
2255,numbering,0.7562427825794968
2256,guide,1.0
2257,elsevier,1.0
2259,elsevier,1.0
2260,elsevier,1.0
2262,assessment,0.9688490067146353
2262,grid,0.2476521798572847
2265,elsevier,1.0
2266,empirically,1.0
2267,friends,1.0
2269,initiative,1.0
2270,elsevier,1.0
2272,lpss,0.9414493799518856
2272,elsevier,0.3371543637389407
2276,elsevier,0.4400279077533197
2276,densely,0.8979840980764837
2278,diffusion,1.0
2282,elsevier,1.0
2283,softmax,0.8952838318269996
2283,elsevier,0.4454961957965126
2285,extremely,1.0
2286,interacts,1.0
2288,chemical,0.3291678564083126
2288,psiblast,0.6677007272377186
2288,hhmake,0.6677007272377186
2291,evaluation,1.0
2292,guided,1.0
2295,elsevier,1.0
2297,evaluation,1.0
2298,elsevier,1.0
2299,problematic,1.0
2300,qsars,1.0
2304,pems,1.0
2310,break,0.7365027871897556
2310,empirically,0.6764345086272001
2311,concentrated,1.0
2313,spite,0.9171579453102712
2313,elsevier,0.3985239056245458
2315,grid,1.0
2316,correctness,0.5769684842040957
2316,empirically,0.4885424334649399
2316,intuition,0.559007914133878
2316,github,0.3405052288512966
2318,guided,0.8546564903490619
2318,elsevier,0.5191938785311548
2323,cation,1.0
2327,extremely,1.0
2329,elsevier,1.0
2331,elsevier,1.0
2332,markers,1.0
2333,assessment,0.6203410773856046
2333,markers,0.7843321666921914
2334,elsevier,1.0
2335,accumulate,1.0
2338,aggregated,0.6914456017022802
2338,github,0.5851150779704706
2338,elsevier,0.4237255307603991
2339,elsevier,1.0
2341,svi,1.0
2342,copy,1.0
2343,chemical,1.0
2346,string,0.8747647130824359
2346,evaluation,0.4845479302874007
2347,spectroscopic,1.0
2350,string,1.0
2352,chemical,1.0
2354,spie,0.7866211615363625
2354,grid,0.6174359466561562
2360,chemical,1.0
2363,aggregated,0.8526362522962785
2363,elsevier,0.5225049485604485
2364,chemical,1.0
2365,downloaded,0.5555437823752967
2365,string,0.5639715780694968
2365,bulb,0.6109886782862267
2367,drop,1.0
2372,differently,1.0
2373,chemical,1.0
2374,couplings,1.0
2376,guide,0.1934226456353672
2376,guided,0.9811155284447468
2381,elsevier,1.0
2384,topologically,0.837130946026412
2384,unlike,0.5470025404007958
2385,markers,0.6835325382314223
2385,subsets,0.7299200430039644
2386,grid,1.0
2387,normalization,0.6471180502813653
2387,initiative,0.6424458182045956
2387,evaluation,0.4104894635328321
2388,diffusion,1.0
2389,motivates,0.6011913864413975
2389,markers,0.504871174753372
2389,initiative,0.4810794260258714
2389,diffusion,0.3901750884236954
2391,guide,0.7863519339054118
2391,evaluation,0.6177787921604456
2393,encoded,1.0
2396,guided,1.0
2397,diffusion,0.5306324276218566
2397,elsevier,0.3279301133137358
2397,occurrences,0.7815952069570127
2398,github,0.8099279780257954
2398,elsevier,0.5865293431799017
2399,elsevier,1.0
2402,elsevier,0.372257069283973
2402,mordred,0.9281296646310296
2404,investigations,0.7914068433902927
2404,copy,0.6112897907171465
2405,evaluation,1.0
2408,elsevier,1.0
2410,pharmacology,0.7397795077617154
2410,motivation,0.5002054490235633
2410,diffusion,0.4500230979216171
2411,evaluation,1.0
2412,evaluation,0.7868016996285496
2412,elsevier,0.6172058695942753
2413,floating,1.0
2414,triazine,0.7500432651426505
2414,diffusion,0.5626197853028574
2414,elsevier,0.3476982565385083
2415,diffusion,1.0
2418,ksc,1.0
2422,unlike,1.0
2427,encoded,1.0
2428,extremely,1.0
2431,assessment,0.7675220162432258
2431,reproducibility,0.4767972820502746
2431,intermediate,0.4284557228132263
2435,faces,0.7541215321811061
2435,diffusion,0.6567348892063075
2439,chemical,0.597199292547158
2439,transformers,0.8020928904940962
2440,guide,0.2962154468043236
2440,choices,0.4271431631372589
2440,preprocessed,0.8542863262745178
2441,break,0.424372000109487
2441,cation,0.905487937812025
2442,elsevier,1.0
2445,elsevier,1.0
2446,evaluation,1.0
2447,github,0.6426843326156424
2447,guided,0.7661310910088339
2450,guild,1.0
2451,github,0.7347717698290629
2451,evaluation,0.6783144154905353
2453,assessment,1.0
2454,guide,0.708088470503527
2454,diffusion,0.7061237270761945
2456,intuitively,1.0
2457,chemical,1.0
2458,request,1.0
2465,elsevier,1.0
2467,evaluation,1.0
2468,evaluation,1.0
2470,assessment,0.5454644850909312
2470,extremely,0.575844814997551
2470,transformers,0.6089919905425044
2471,chemical,1.0
2472,transformers,1.0
2473,github,1.0
2475,friends,0.9128585337540328
2475,elsevier,0.408276006339385
2476,drop,1.0
2477,github,1.0
2479,elsevier,1.0
2480,github,1.0
2481,blocking,1.0
2482,periods,1.0
2484,evaluation,1.0
2488,peaks,0.7341429296257016
2488,interestingly,0.6789949623381547
2491,elsevier,0.3929941773193325
2491,preprocessed,0.9195409597147378
2493,spite,0.8574847449825119
2493,github,0.5145093897318846
2497,diffusion,1.0
2499,spie,1.0
2502,elsevier,1.0
2503,aggregated,0.6617260539940878
2503,transformers,0.7497457098679616
2506,densely,1.0
2508,elsevier,1.0
2509,prohibitively,1.0
2510,initiative,1.0
2512,elsevier,1.0
2513,friends,0.7057162812016899
2513,softmax,0.6343037174904393
2513,elsevier,0.3156316277318644
2517,assessment,1.0
2518,downloaded,0.7119752134359995
2518,subsets,0.7022045965762136
2520,chemical,1.0
2522,diffusion,1.0
2524,detectors,0.903931298999578
2524,elsevier,0.4276776901931353
2525,evaluation,1.0
2526,evaluation,1.0
2528,eastern,1.0
2529,elsevier,0.4757395565914125
2529,intermediate,0.8795861949202058
2530,pavia,1.0
2534,guide,0.5922669692893264
2534,neighbourhood,0.805741793063284
2535,empirically,1.0
2538,escherichia,1.0
2539,intuitively,1.0
2541,chemical,0.5249903452032078
2541,initiative,0.760881968464955
2541,elsevier,0.3813709054297562
2542,fails,0.8325204629785395
2542,github,0.5539942948460733
2543,problematic,1.0
2545,deepwalk,1.0
2547,secure,1.0
2548,evaluation,1.0
2549,screened,0.6964875162389328
2549,investigations,0.7175689093901173
2554,pavia,1.0
2561,yelp,0.8747647130824359
2561,evaluation,0.4845479302874007
2562,github,1.0
2564,evaluation,1.0
2566,pavia,1.0
2569,unlike,1.0
2572,closed,1.0
2574,chemical,1.0
2575,extremely,1.0
2577,aggregated,0.2804687767809617
2577,tagnet,0.9598631492306552
2580,elsevier,1.0
2581,elsevier,1.0
2584,faces,0.895311589642957
2584,intermediate,0.4454404084173339
2586,sbu,0.6864879511570285
2586,detectors,0.6572856696931527
2586,elsevier,0.3109820595022309
2587,elsevier,1.0
2588,extremely,0.5306614313875093
2588,phenols,0.8475838868441045
2590,gcc,1.0
2591,chemical,0.6110363338588882
2591,encoded,0.7916025509713124
2595,chemical,1.0
2596,evaluation,1.0
2599,softmax,1.0
2603,alkali,1.0
2605,github,0.3807039432557543
2605,faces,0.5122647330427021
2605,eyebrows,0.7698372236195185
2606,choices,0.642269216926797
2606,darkmachines,0.7664791275620224
2610,chemical,0.3817953361109517
2610,copy,0.9242468941381008
2611,detectors,0.903931298999578
2611,elsevier,0.4276776901931353
2612,motivation,1.0
2613,copy,1.0
2614,markers,0.7912490864083522
2614,diffusion,0.6114939764690639
2615,interestingly,1.0
2620,iridium,1.0
2621,spectroscopic,0.726254112998777
2621,diffusion,0.5847690125858445
2621,elsevier,0.3613864486553643
2622,chemical,1.0
2624,encoded,1.0
2626,concentrated,0.5574918904909328
2626,aggregated,0.3952957868400266
2626,softmax,0.4868167819554209
2626,evaluation,0.3088047993357216
2626,intermediate,0.4478761543743569
2628,elsevier,1.0
2629,guide,1.0
2632,detectors,1.0
2633,connecting,1.0
2637,aggregated,1.0
2639,elsevier,1.0
2641,concentrated,0.7555936233844897
2641,initiative,0.6550406676693425
2643,investigations,1.0
2644,github,1.0
2645,evaluation,1.0
2649,elsevier,1.0
2650,github,1.0
2652,evaluation,1.0
2653,chemical,0.6447985870541093
2653,aggregated,0.7643525247770325
2654,periods,0.8508160338278389
2654,github,0.5254636776994828
2660,transformers,1.0
2661,runs,0.6556994321961969
2661,fitness,0.7550220226043644
2668,chemical,1.0
2671,github,1.0
2672,evaluation,1.0
2673,analysts,0.8099606200764684
2673,faces,0.5864842657099528
2675,elsevier,1.0
2678,orange,1.0
2680,chemical,0.4560515697770381
2680,elsevier,0.3312914259808143
2680,protons,0.8259921045479176
2681,github,1.0
2682,densely,1.0
2683,peaks,0.8429803205753399
2683,chemical,0.5379444015162693
2684,chemical,1.0
2685,granger,1.0
2686,choices,0.7129397113063212
2686,achievement,0.7012253332862836
2687,motivation,0.7931839955166905
2687,github,0.608982059880403
2690,motivation,1.0
2692,guide,0.7020065356479057
2692,guided,0.7121705019920621
2694,elsevier,1.0
2697,problematic,1.0
2698,motivation,1.0
2699,evaluation,1.0
2700,intuition,0.7749504099526894
2700,intermediate,0.6320220424274445
2703,linemod,0.936039189240114
2703,elsevier,0.351895774636056
2707,runs,1.0
2711,boruta,1.0
2712,elsevier,1.0
2713,elsevier,1.0
2716,github,0.8099279780257954
2716,elsevier,0.5865293431799017
2719,aggregated,0.8526362522962785
2719,elsevier,0.5225049485604485
2721,grid,1.0
2724,alternatively,0.5446210539266064
2724,motivation,0.418635028338318
2724,github,0.3214149848415534
2724,evaluation,0.2967185546927283
2724,mordred,0.5803301883311006
2725,evaluation,0.3385845246374658
2725,presentation,0.6214652158920576
2725,mif,0.7064994728322588
2726,aergcn,1.0
2727,diffusion,1.0
2729,streaming,1.0
2731,chemical,0.4727278139060484
2731,morgan,0.8812084963047103
2733,unlike,1.0
2734,chemical,1.0
2735,normalization,1.0
2740,problematic,1.0
2744,string,0.5155735255053496
2744,github,0.309355264361098
2744,encoded,0.7990514753193686
2748,mpii,1.0
2750,guided,1.0
2751,aggregated,0.6181403404220356
2751,selectively,0.7860677576029498
2755,elsevier,0.5145982023029716
2755,copy,0.8574314492637589
2756,decoupled,1.0
2760,request,0.7829336742179913
2760,drop,0.6221051854594335
2761,evaluation,1.0
2764,assessment,1.0
2768,nash,1.0
2769,elsevier,1.0
2772,downloaded,1.0
2773,elsevier,0.269957133302209
2773,encoded,0.9628723415797408
2774,elsevier,1.0
2775,elsevier,1.0
2777,softmax,1.0
2778,interestingly,1.0
2780,concentrated,1.0
2782,break,0.5038951530472161
2782,intermediate,0.8637648260582986
2789,guide,0.5344503356373054
2789,euler,0.8451998809377409
2790,chemical,1.0
2791,guide,1.0
2793,elsevier,1.0
2794,detectors,0.903931298999578
2794,elsevier,0.4276776901931353
2796,sparsely,0.8187729166290431
2796,extremely,0.5741175062604955
2797,motivates,1.0
2798,elsevier,1.0
2800,copy,1.0
2803,extremely,1.0
2805,evaluation,0.9674721500766218
2805,elsevier,0.2529775460907919
2806,unlike,0.8588564959408774
2806,elsevier,0.5122162818382071
2810,elsevier,1.0
2814,softmax,1.0
2815,evaluation,1.0
2820,motivation,1.0
2821,unlike,1.0
2823,guide,1.0
2825,extremely,1.0
2826,deliver,1.0
2828,github,1.0
2829,elsevier,1.0
2830,unlike,1.0
2831,assessment,0.7026945801914269
2831,unlike,0.7114916211520654
2832,closed,1.0
2835,evaluation,1.0
2836,grid,1.0
2838,extremely,0.7338907264285391
2838,diffusion,0.6792675479236375
2839,intuitively,0.6335715275765541
2839,guide,0.4765747789444574
2839,selectively,0.6094781370306513
2841,github,1.0
2844,elsevier,1.0
2845,evaluation,1.0
2847,aggregated,1.0
2848,sparsely,1.0
2849,protons,1.0
2850,elsevier,1.0
2851,aggregated,0.8526362522962785
2851,elsevier,0.5225049485604485
2853,protoporphyrin,0.896929059232141
2853,chemical,0.4421744708878462
2854,elsevier,1.0
2855,evaluation,1.0
2857,unlike,1.0
2860,guided,1.0
2861,elsevier,1.0
2863,github,1.0
2864,elsevier,1.0
2871,evaluation,1.0
2872,problematic,1.0
2873,plantnexus,1.0
2874,assessment,0.7680226917709925
2874,github,0.6404226299287362
2875,elsevier,1.0
2876,copy,1.0
2880,topologically,1.0
2881,cation,1.0
2882,assessment,0.7924105047490636
2882,evaluation,0.6099881900195563
2884,euler,1.0
2885,github,1.0
2892,optimised,0.7610907927748662
2892,intuition,0.6486453616216844
2894,inappropriate,1.0
2895,gaze,1.0
2898,reproducibility,0.6664979816491859
2898,cation,0.7455068346149226
2900,aggregated,0.8172467060151464
2900,floating,0.5762879675191847
2902,github,1.0
2904,diffusion,1.0
2905,unlike,1.0
2908,connecting,0.7904259944917895
2908,guide,0.6125575460572381
2911,softmax,1.0
2912,evaluation,1.0
2914,evaluation,1.0
2915,normalization,1.0
2916,diffusion,1.0
2919,guided,1.0
2924,assessment,1.0
2926,transformers,1.0
2931,unlike,0.3134568125752422
2931,grid,0.9496024571630854
2933,guided,1.0
2935,closed,1.0
2936,initiative,1.0
2937,fails,1.0
2938,grid,1.0
2939,grid,1.0
2940,guided,1.0
2941,fails,0.4899507499853403
2941,assessment,0.7819881639887842
2941,aggregated,0.3852827195323619
2942,aggregated,1.0
2943,fails,1.0
2944,transformers,1.0
2950,evaluation,1.0
2951,synapse,1.0
2954,github,1.0
2956,guide,0.7863519339054118
2956,evaluation,0.6177787921604456
2958,diffusion,1.0
2961,reporter,0.4175207281190266
2961,hepatocytes,0.9086673987719368
2962,aggregated,1.0
2966,jstr,1.0
2968,elsevier,1.0
2969,occurrences,1.0
2970,copy,1.0
2976,evaluation,1.0
2977,neighbourhood,1.0
2980,presentation,1.0
2982,elsevier,1.0
2983,encoded,1.0
2984,elsevier,1.0
2985,elsevier,1.0
2987,evaluation,0.4152967732132618
2987,psf,0.9096859843696904
2988,unlike,1.0
2993,chemical,1.0
2998,accumulate,1.0
3003,guide,0.3698747562895344
3003,imdb,0.5683307911532609
3003,unlike,0.3822105862069046
3003,euler,0.584933864069912
3003,elsevier,0.2279478425922962
3005,motivation,1.0
3008,interestingly,0.6828277001633093
3008,orange,0.7305794494027914
3015,guided,1.0
3017,evaluation,1.0
3019,github,0.7347717698290629
3019,evaluation,0.6783144154905353
3021,empirically,0.6764345086272001
3021,investigations,0.7365027871897556
3022,pavia,1.0
3023,evaluation,1.0
3026,empirically,1.0
3028,screened,0.5366433386047691
3028,guided,0.8438091769654601
3029,intuitively,0.6340546647678807
3029,yelp,0.6764452540608702
3029,evaluation,0.3746952099301714
3030,evaluation,1.0
3031,chemical,1.0
3032,evaluation,1.0
3033,artifact,1.0
3035,chemical,1.0
3038,empirically,1.0
3042,doi,1.0
3045,aggregated,0.152384613400952
3045,presentation,0.2185006306339912
3045,suspicious,0.2483977806140698
3045,tuberculosis,0.931308190985774
3047,screened,1.0
3048,granger,0.4175207281190266
3048,cgcnimp,0.9086673987719368
3049,elsevier,1.0
3050,evaluation,1.0
3051,secure,0.5788914732492649
3051,evaluation,0.6601046138848182
3051,transformers,0.478692553657638
3052,evaluation,1.0
3053,softmax,1.0
3057,evaluation,1.0
3059,intuition,1.0
3060,screened,0.9023653753959916
3060,elsevier,0.4309718428000272
3064,faces,1.0
3065,closed,1.0
3066,guide,1.0
3068,wiki,1.0
3072,break,0.7071067811865475
3072,triazine,0.7071067811865475
3076,aldehyde,1.0
3077,evaluation,0.7868016996285496
3077,elsevier,0.6172058695942753
3082,aggregated,1.0
3084,preprocessed,1.0
3085,github,0.4738719341772245
3085,matthews,0.8805937712697814
3086,transformers,1.0
3090,elsevier,1.0
3093,github,1.0
3094,assessment,0.570596012878025
3094,google,0.8212308993746527
3095,evaluation,1.0
3099,differently,0.7901370827840752
3099,transformers,0.6129301676451174
3100,motivation,1.0
3101,concentrated,0.6700551936280253
3101,evaluation,0.74231128072535
3102,spie,1.0
3103,assessment,0.7924105047490636
3103,evaluation,0.6099881900195563
3105,elsevier,1.0
3106,elsevier,1.0
3108,assessment,0.7092218525866544
3108,guided,0.7049853642548574
3109,imdb,1.0
3110,guided,0.8546564903490619
3110,elsevier,0.5191938785311548
3115,integral,1.0
3116,detectors,1.0
3117,faces,0.8805706022586316
3117,elsevier,0.4739149865090475
3118,subsets,1.0
3120,deepwalk,1.0
3122,github,0.8099279780257954
3122,elsevier,0.5865293431799017
3123,pavia,1.0
3126,guide,0.7020065356479057
3126,guided,0.7121705019920621
3127,continuation,1.0
3128,guide,0.6698584387602251
3128,motivation,0.7424888362943336
3130,subsets,0.810107866335587
3130,diffusion,0.5862808583786469
3131,github,1.0
3137,faces,1.0
3142,intermediate,1.0
3143,inappropriate,1.0
3147,aggregated,0.5561787796846589
3147,softmax,0.6849482659109448
3147,github,0.470649591579631
3148,encoded,1.0
3152,faces,0.6329706285657257
3152,elsevier,0.3406589615051038
3152,densely,0.6951975656742292
3154,empirically,0.5861340100833863
3154,evaluation,0.7542702803876711
3154,elsevier,0.2958433138461524
3155,elsevier,1.0
3156,aggregated,1.0
3157,evaluation,1.0
3158,copy,1.0
3159,evaluation,1.0
3163,evaluation,0.7868016996285496
3163,elsevier,0.6172058695942753
3165,transformers,1.0
3166,elsevier,1.0
3168,grid,1.0
3169,markers,1.0
3171,elsevier,1.0
3172,elsevier,1.0
3173,guide,1.0
3174,pems,0.5619877692127588
3174,diffusion,0.790277454682337
3174,elsevier,0.2441951921641237
3175,reproducibility,0.6280094168085224
3175,evaluation,0.7782057391203303
3178,connecting,0.6729580803278801
3178,concentrated,0.7396806217019712
3179,markers,1.0
3180,nanosized,1.0
3181,aggregated,1.0
3185,elsevier,1.0
3186,github,1.0
3188,intuition,0.7244374126633547
3188,deepwalk,0.6893405799266604
3189,tuberculosis,1.0
3190,alkali,0.91493948123106
3190,elsevier,0.4035910624439532
3193,elsevier,1.0
3195,periods,1.0
3196,github,0.8099279780257954
3196,elsevier,0.5865293431799017
3198,guide,0.708088470503527
3198,diffusion,0.7061237270761945
3199,github,0.5792467959277594
3199,elsevier,0.4194758694257018
3199,copy,0.6989371533814585
3202,heparin,1.0
3203,evaluation,1.0
3206,assessment,0.8549296315558634
3206,softmax,0.5187439880015532
3207,evaluation,1.0
3208,periods,1.0
3211,matthews,1.0
3213,elsevier,1.0
3214,github,1.0
3216,wiki,0.92496244747854
3216,elsevier,0.3800585096462245
3218,unlike,1.0
3221,github,1.0
3223,faces,0.5076837231055583
3223,canadian,0.7267908973104099
3223,grid,0.4626361733375459
3224,elsevier,1.0
3225,pavia,1.0
3227,github,1.0
3228,nash,1.0
3231,chemical,1.0
3235,spectroscopic,1.0
3236,chemical,1.0
3237,topologically,1.0
3238,chemical,0.597199292547158
3238,intermediate,0.8020928904940962
3241,elsevier,1.0
3242,elsevier,0.5085289723377242
3242,grid,0.8610448793722301
3243,github,0.8099279780257954
3243,elsevier,0.5865293431799017
3244,elsevier,1.0
3246,elsevier,1.0
3247,problematic,0.6494283893131215
3247,downloaded,0.6494283893131215
3247,github,0.3955825252818041
3248,tensorflow,0.8903691734847616
3248,evaluation,0.455239206251024
3249,runs,1.0
3250,initiative,0.8426736639522384
3250,evaluation,0.5384246428993661
3251,alkali,1.0
3252,elsevier,1.0
3253,viable,1.0
3254,elsevier,1.0
3256,guided,0.5078380257301699
3256,gss,0.8614525753763137
3257,github,1.0
3264,normalization,1.0
3266,connecting,1.0
3270,diffusion,0.6908964015359207
3270,grid,0.7229537760774998
3271,guide,0.6309652636778333
3271,initiative,0.7758110826947255
3276,guided,0.8546564903490619
3276,elsevier,0.5191938785311548
3277,softmax,0.8952838318269996
3277,elsevier,0.4454961957965126
3278,intermediate,1.0
3282,amplicon,0.2182059459926874
3282,elsevier,0.0850345272946947
3282,copy,0.850115033237003
3282,intermediate,0.4716563627956835
3283,guide,1.0
3284,elsevier,1.0
3288,elsevier,1.0
3289,elsevier,1.0
3291,presentation,0.3509112010598573
3291,indonesia,0.4187747196215952
3291,intratesticular,0.8375494392431904
3292,guided,1.0
3293,normalization,0.8241836492850835
3293,github,0.5663226220548871
3294,chemical,0.5642811255736756
3294,extremely,0.7166296720791374
3294,elsevier,0.409913069341603
3295,normalization,1.0
3297,metsulfuron,0.7071067811865476
3297,mtsm,0.7071067811865476
3301,chemical,0.8371906894264333
3301,motivation,0.54691109838592
3303,unlike,1.0
3304,guide,1.0
3305,peaks,1.0
3307,assessment,0.6876963372323196
3307,extremely,0.7259984488669736
3308,elsevier,1.0
3309,screened,1.0
3310,peaks,0.7914068433902927
3310,copy,0.6112897907171465
3311,elsevier,1.0
3313,elsevier,1.0
3314,elsevier,1.0
3315,elsevier,1.0
3316,downloaded,0.720024021469342
3316,github,0.4385840307622772
3316,grid,0.5377819785632746
3318,chemical,1.0
3321,empirically,0.7498185671560026
3321,extremely,0.661643496414889
3322,achievement,0.8133532121874483
3322,guided,0.5817701884974511
3324,selectively,1.0
3325,elsevier,1.0
3326,elsevier,1.0
3327,elsevier,1.0
3329,elsevier,1.0
3332,runs,1.0
3334,elsevier,1.0
3336,dblp,0.8234805007184799
3336,unlike,0.5673445733735731
3338,alkali,0.91493948123106
3338,elsevier,0.4035910624439532
3341,aggregated,0.6556340215116135
3341,github,0.5548106035708635
3341,evaluation,0.5121808508738327
3342,diffusion,1.0
3344,initiative,0.1734700521225312
3344,diffusion,0.9848391447422296
3346,unlike,1.0
3349,github,1.0
3351,investigations,1.0
3352,faces,0.6615352722208204
3352,unlike,0.5969754762483294
3352,evaluation,0.4538627153289917
3353,chemical,0.8090586957804973
3353,elsevier,0.5877278509497067
3354,aggregated,1.0
3357,extremely,1.0
3361,peaks,0.7133173950397907
3361,evaluation,0.42153559611319
3361,grid,0.559898236417248
3363,guide,0.8513164345972183
3363,elsevier,0.5246525785552572
3364,encoded,1.0
3366,github,1.0
3370,elsevier,1.0
3371,occurrences,1.0
3373,elsevier,1.0
3375,elsevier,1.0
3376,break,1.0
3377,assessment,0.9686205561056576
3377,evaluation,0.2485441978593879
3380,chemical,1.0
3381,periods,1.0
3382,copy,1.0
3383,screened,1.0
3384,github,1.0
3386,encoded,1.0
3388,chemical,0.5001414409813474
3388,escherichia,0.8659437273940503
3389,github,0.8099279780257954
3389,elsevier,0.5865293431799017
3390,elsevier,1.0
3396,encoded,0.4659626396909768
3396,grid,0.8848043955656058
3398,evaluation,1.0
3399,extremely,1.0
3400,transformers,1.0
3401,motivation,1.0
3405,guided,1.0
3406,evaluation,0.5485100281208887
3406,elsevier,0.4302781870544515
3406,copy,0.7169361413654333
3409,elsevier,1.0
3410,differently,0.7481905028112283
3410,detectors,0.663483964767108
3411,elsevier,1.0
3414,detectors,0.7526651590709703
3414,intermediate,0.6584034920325613
3415,elsevier,1.0
3416,unlike,0.7191275239032068
3416,evaluation,0.546731287385002
3416,elsevier,0.4288828555202238
3417,encoded,0.7252032572803229
3417,grid,0.688534847070219
3418,elsevier,1.0
3419,evaluation,1.0
3420,elsevier,1.0
3421,github,1.0
3424,viable,1.0
3426,encoded,1.0
3427,elsevier,0.2366646833682232
3427,encoded,0.4220630791572498
3427,intermediate,0.8751300388276705
3428,unlike,1.0
3430,chemical,0.8938687174294214
3430,github,0.4483288034479617
3431,hemisphere,0.9153757560717932
3431,preprocessed,0.4026005777392688
3432,evaluation,1.0
3434,evaluation,1.0
3439,chemical,1.0
3442,connecting,1.0
3443,yelp,1.0
3445,yelp,1.0
3447,evaluation,1.0
3448,runs,1.0
3449,elsevier,1.0
3452,motivation,0.7314435681628048
3452,unlike,0.6819019772615887
3454,github,1.0
3456,detectors,0.9318388165951228
3456,guided,0.3628724567759323
3457,diffusion,1.0
3459,elsevier,1.0
3460,unlike,0.8588564959408774
3460,elsevier,0.5122162818382071
3462,jaccard,1.0
3464,unlike,1.0
3465,deepwalk,0.7999552865970216
3465,diffusion,0.6000596132431151
3466,elsevier,1.0
3467,kendall,0.9281296646310296
3467,elsevier,0.372257069283973
3469,assessment,0.9505755942618458
3469,extremely,0.2508797741101551
3469,evaluation,0.1829354490966043
3470,evaluation,1.0
3471,correctness,0.676873505523675
3471,alternatively,0.676873505523675
3471,elsevier,0.2892827596663565
3472,staggered,1.0
3477,faces,1.0
3478,guided,0.6649664922321595
3478,transformers,0.7468731915181167
3479,friends,0.9128585337540328
3479,elsevier,0.408276006339385
3480,dollars,0.7553636452425109
3480,github,0.3921324263251841
3480,transformers,0.5250313549401313
3481,aggregated,0.6032953654033814
3481,deepwalk,0.7975178380969298
3482,encoded,1.0
3483,elsevier,1.0
3484,screened,0.7824737589274003
3484,copy,0.6226835605586717
3485,selectively,1.0
3486,reproducibility,0.7153770294790516
3486,spectroscopic,0.6987386533559796
3492,elsevier,1.0
3497,mpii,0.8747904986448645
3497,github,0.4845013761390874
3500,guide,0.2291784842479466
3500,evaluation,0.1800486538955834
3500,grid,0.956587531064566
3502,fitness,1.0
3503,elsevier,1.0
3505,interacts,0.2662259320854677
3505,kinetoplastid,0.6815877614384019
3505,unconventional,0.6815877614384019
3508,documented,0.8903691734847616
3508,evaluation,0.455239206251024
3509,github,1.0
3510,unlike,1.0
3519,github,0.2400337856972189
3519,skeletongait,0.9707645346446592
3520,elsevier,0.2379702398517247
3520,densely,0.9712724463017124
3521,obu,1.0
3523,assessment,0.8252060205891311
3523,downloaded,0.5648318542570439
3526,evaluation,1.0
3528,guided,1.0
3529,choices,1.0
3530,extremely,1.0
3531,evaluation,1.0
3533,softmax,1.0
3536,guided,1.0
3537,extremely,0.5914531019141661
3537,google,0.8063394001511468
3542,assessment,0.7026945801914269
3542,unlike,0.7114916211520654
3544,evaluation,1.0
3545,github,0.5303316103015313
3545,neighbourhood,0.8477902943033642
3546,matthews,0.9317496226015646
3546,elsevier,0.3631014194159012
3548,choices,0.5014439927364206
3548,evaluation,0.2731949778866838
3548,elsevier,0.2143075491257125
3548,intermediate,0.7924586428286219
3549,break,1.0
3550,motivation,1.0
3552,github,1.0
3553,github,0.8099279780257954
3553,elsevier,0.5865293431799017
3554,alternatively,0.4676151004006788
3554,prohibitively,0.531598251154358
3554,motivation,0.3594426976266776
3554,github,0.5519379000255102
3554,evaluation,0.2547644380308561
3555,elsevier,1.0
3556,evaluation,1.0
3557,evaluation,1.0
3558,unlike,0.4600335854454096
3558,diffusion,0.8879015149566087
3562,evaluation,1.0
3563,aggregated,1.0
3565,assessment,1.0
3566,yelp,0.7707897788095879
3566,diffusion,0.5419493251126196
3566,elsevier,0.334923940459088
3567,secure,1.0
3568,github,1.0
3570,guided,0.8546564903490619
3570,elsevier,0.5191938785311548
3572,connecting,1.0
3574,elsevier,1.0
3575,guide,0.6159810778932009
3575,selectively,0.7877609483069915
3576,investigations,0.9072565025688096
3576,elsevier,0.4205777437604271
3578,extremely,0.5914531019141661
3578,escherichia,0.8063394001511468
3586,evaluation,1.0
3587,github,1.0
3590,streaming,1.0
3592,chemical,0.4359577967146859
3592,medica,0.8424044841961857
3592,elsevier,0.3166946233990009
3593,github,1.0
3594,evaluation,1.0
3597,pems,0.7172400926657325
3597,subsets,0.6968261257106048
3598,deepwalk,1.0
3602,connecting,1.0
3611,apartments,0.8550783257874885
3611,grid,0.5184988493415058
3612,investigations,1.0
3614,deliver,1.0
3615,unlike,1.0
3618,markers,1.0
3619,transformers,1.0
3620,github,1.0
3621,elsevier,0.3868916022945969
3621,google,0.922125201951405
3624,connecting,1.0
3625,chemical,0.5242790605579936
3625,decoupled,0.8515465146781047
3626,github,1.0
3629,softmax,0.8952838318269996
3629,elsevier,0.4454961957965126
3633,string,1.0
3634,modulating,1.0
3635,copy,1.0
3636,amplicons,0.6561055803351615
3636,copy,0.4109839822007593
3636,microbiome,0.6329436261054113
3638,guide,1.0
3639,densely,1.0
3644,evaluation,1.0
3647,guided,1.0
3648,transformers,1.0
3652,mikae,0.4235406799446923
3652,eastern,0.3691480520168874
3652,bulbosa,0.4235406799446923
3652,colomatta,0.4235406799446923
3652,lutea,0.4034659793514814
3652,hemisphere,0.4034659793514814
3653,dblp,0.7071067811865475
3653,wiki,0.7071067811865475
3654,elsevier,1.0
3656,elsevier,0.4757395565914125
3656,intermediate,0.8795861949202058
3657,evaluation,0.5485100281208887
3657,elsevier,0.4302781870544515
3657,copy,0.7169361413654333
3658,hyperlinks,0.7196960799143894
3658,wikipedia,0.6942892427193874
3659,github,1.0
3660,elsevier,1.0
3661,evaluation,1.0
3662,detectors,0.7361445245055493
3662,elsevier,0.3482926083401436
3662,copy,0.5803305075697105
3663,github,1.0
3664,spie,1.0
3666,elsevier,0.5145982023029716
3666,copy,0.8574314492637589
3667,faces,1.0
3668,copy,1.0
3671,guide,1.0
3672,pems,0.8747647130824359
3672,evaluation,0.4845479302874007
3675,normalization,1.0
3676,elsevier,1.0
3680,assessment,0.5154359213528067
3680,chemical,0.8569281247451171
3682,spectroscopic,1.0
3683,transformers,1.0
3684,guide,1.0
3687,kendall,0.4406186417631282
3687,grid,0.8976943870442857
3689,extremely,0.6409243334255648
3689,closed,0.7676040638395523
3690,evaluation,1.0
3692,aggregated,1.0
3695,assessment,0.6773520969916565
3695,motivation,0.7356589812549056
3697,aggregated,0.7880437495083784
3697,evaluation,0.6156192401645485
3698,densely,1.0
3699,chemical,1.0
3700,integral,1.0
3701,drop,1.0
3703,screened,1.0
3704,evaluation,1.0
3705,friends,0.6220248133427548
3705,yelp,0.6402474280185456
3705,evaluation,0.3546445821128846
3705,elsevier,0.2782006162457694
3706,github,1.0
3708,github,1.0
3710,copy,1.0
3711,friends,0.8508160338278389
3711,github,0.5254636776994828
3712,github,1.0
3713,couplings,1.0
3714,transformers,1.0
3717,periods,1.0
3718,elsevier,1.0
3719,interacts,1.0
3720,occurrences,1.0
3721,escherichia,0.3766175654183873
3721,aminoacyl,0.8824663777151159
3721,encoded,0.2818018836358076
3722,elsevier,0.4890899857912884
3722,encoded,0.8722333321988317
3723,aggregated,0.5499960921404516
3723,pavia,0.693462820727546
3723,github,0.4654176778967763
3724,extremely,1.0
3726,assessment,0.5586011792062284
3726,motivation,0.6066859115779851
3726,unlike,0.5655943133396943
3728,wikipedia,0.7255703201040152
3728,wiki,0.6881480295577086
3729,presentation,1.0
3732,interacts,1.0
3735,subsets,0.9128585337540328
3735,elsevier,0.408276006339385
3737,unlike,1.0
3738,chemical,0.4727278139060484
3738,spectrometer,0.8812084963047103
3740,coactivator,1.0
3742,chemical,0.5249903452032078
3742,interestingly,0.760881968464955
3742,elsevier,0.3813709054297562
3743,intermediate,1.0
3744,motivation,1.0
3745,github,1.0
3746,drop,1.0
3749,evaluation,1.0
3750,deepwalk,1.0
3751,elsevier,1.0
3754,intuitively,1.0
3757,motivation,1.0
3758,interestingly,0.6930728847507011
3758,selectively,0.720867516554423
3759,investigations,1.0
3760,motivation,1.0
3761,interacts,0.2520465528850129
3761,closed,0.967715110545858
3762,elsevier,0.3868916022945969
3762,google,0.922125201951405
3763,deliver,0.5035845135335428
3763,chitosan,0.5700235736237736
3763,diffusion,0.359446306439908
3763,heteroatom,0.5406238211816743
3764,elsevier,1.0
3765,initiative,1.0
3767,linemod,1.0
3768,elsevier,1.0
3771,guided,1.0
3774,connecting,0.5366433386047691
3774,guided,0.8438091769654601
3777,elsevier,1.0
3778,interacts,0.7379041903230728
3778,interestingly,0.6749054792366487
3781,guide,0.279908486234721
3781,elegans,0.4426578176940262
3781,guided,0.8518833815541592
3789,modulating,0.4496063133995285
3789,screened,0.4023286533798514
3789,selectively,0.7974871896280468
3790,github,1.0
3795,chloroform,1.0
3797,elsevier,1.0
3801,guided,0.8546564903490619
3801,elsevier,0.5191938785311548
3802,screened,1.0
3803,runs,1.0
3804,elsevier,1.0
3807,peaks,1.0
3808,evaluation,1.0
3809,chemical,1.0
3810,elsevier,1.0
3811,break,0.3704826923740052
3811,screened,0.359598314314365
3811,bulb,0.8564062277877101
3812,markers,1.0
3813,interestingly,1.0
3815,alternatively,0.575138817283318
3815,motivation,0.4420931826559819
3815,evaluation,0.3133451367360998
3815,mordred,0.6128489079592828
3817,coactivator,1.0
